reclat,reclon,track_fid,track_seg_id,track_seg_point_id,ele,time,course,speed,magvar,geoidheight,name,cmt,desc,src,url,urlname,sym,type,fix,sat,hdop,vdop,pdop,ageofdgpsdata,dgpsid
-78.82635285,42.95076541,0,0,0,167,2020/10/30 13:24:12+00,,1.51,,,,,,,,,,,,14,,,,,
-78.82632868,42.95077258,0,0,1,167,2020/10/30 13:24:13+00,,1.48,,,,,,,,,,,,14,,,,,
-78.82630597,42.95078035,0,0,2,167,2020/10/30 13:24:14+00,,1.42,,,,,,,,,,,,14,,,,,
-78.82628655,42.95078855,0,0,3,168,2020/10/30 13:24:15+00,,1.2,,,,,,,,,,,,14,,,,,
-78.82627292,42.9507976,0,0,4,169,2020/10/30 13:24:16+00,,1.17,,,,,,,,,,,,14,,,,,
-78.82625703,42.95080599,0,0,5,168,2020/10/30 13:24:17+00,,1.42,,,,,,,,,,,,14,,,,,
-78.82623838,42.95081162,0,0,6,168,2020/10/30 13:24:18+00,,1.27,,,,,,,,,,,,14,,,,,
-78.82621908,42.95081694,0,0,7,168,2020/10/30 13:24:19+00,,1.4,,,,,,,,,,,,14,,,,,
-78.82620067,42.95082288,0,0,8,169,2020/10/30 13:24:20+00,,1.39,,,,,,,,,,,,14,,,,,
-78.82618505,42.95083191,0,0,9,170,2020/10/30 13:24:21+00,,1.5,,,,,,,,,,,,14,,,,,
-78.82617217,42.95084233,0,0,10,170,2020/10/30 13:24:22+00,,1.31,,,,,,,,,,,,14,,,,,
-78.82616267,42.95085355,0,0,11,170,2020/10/30 13:24:23+00,,1.3,,,,,,,,,,,,14,,,,,
-78.82615339,42.95086468,0,0,12,170,2020/10/30 13:24:24+00,,1.22,,,,,,,,,,,,14,,,,,
-78.82614596,42.95087672,0,0,13,172,2020/10/30 13:24:25+00,,1.31,,,,,,,,,,,,14,,,,,
-78.82613896,42.95088783,0,0,14,172,2020/10/30 13:24:26+00,,1.08,,,,,,,,,,,,14,,,,,
-78.8261303,42.9508987,0,0,15,172,2020/10/30 13:24:27+00,,1.25,,,,,,,,,,,,14,,,,,
-78.8261202,42.95091143,0,0,16,173,2020/10/30 13:24:28+00,,1.6,,,,,,,,,,,,14,,,,,
-78.82610873,42.95092225,0,0,17,174,2020/10/30 13:24:29+00,,1.21,,,,,,,,,,,,14,,,,,
-78.82609789,42.95092972,0,0,18,173,2020/10/30 13:24:30+00,,1.12,,,,,,,,,,,,14,,,,,
-78.82608577,42.95093663,0,0,19,173,2020/10/30 13:24:31+00,,1.16,,,,,,,,,,,,14,,,,,
-78.82607429,42.95094474,0,0,20,172,2020/10/30 13:24:32+00,,1.05,,,,,,,,,,,,14,,,,,
-78.82606397,42.95095441,0,0,21,172,2020/10/30 13:24:33+00,,1.19,,,,,,,,,,,,14,,,,,
-78.82605367,42.95096192,0,0,22,171,2020/10/30 13:24:34+00,,0.8,,,,,,,,,,,,14,,,,,
-78.82604114,42.95096879,0,0,23,171,2020/10/30 13:24:35+00,,1.22,,,,,,,,,,,,14,,,,,
-78.82602851,42.95098161,0,0,24,171,2020/10/30 13:24:36+00,,1.56,,,,,,,,,,,,14,,,,,
-78.82601823,42.95099274,0,0,25,172,2020/10/30 13:24:37+00,,0.96,,,,,,,,,,,,14,,,,,
-78.82600825,42.95100536,0,0,26,171,2020/10/30 13:24:38+00,,1.52,,,,,,,,,,,,14,,,,,
-78.82599604,42.95102029,0,0,27,171,2020/10/30 13:24:39+00,,1.76,,,,,,,,,,,,14,,,,,
-78.82598389,42.95103374,0,0,28,171,2020/10/30 13:24:40+00,,1.52,,,,,,,,,,,,13,,,,,
-78.82597489,42.95104598,0,0,29,171,2020/10/30 13:24:41+00,,1.22,,,,,,,,,,,,14,,,,,
-78.82596423,42.95105614,0,0,30,172,2020/10/30 13:24:42+00,,1.38,,,,,,,,,,,,14,,,,,
-78.82595638,42.95106263,0,0,31,173,2020/10/30 13:24:43+00,,0.52,,,,,,,,,,,,14,,,,,
-78.82594781,42.95106327,0,0,32,173,2020/10/30 13:24:44+00,,0.86,,,,,,,,,,,,14,,,,,
-78.82593622,42.95106256,0,0,33,174,2020/10/30 13:24:45+00,,0.66,,,,,,,,,,,,14,,,,,
-78.8259258,42.95106388,0,0,34,174,2020/10/30 13:24:46+00,,0.87,,,,,,,,,,,,14,,,,,
-78.8259144,42.95107055,0,0,35,175,2020/10/30 13:24:47+00,,1.2,,,,,,,,,,,,14,,,,,
-78.82590249,42.95108402,0,0,36,175,2020/10/30 13:24:48+00,,1.76,,,,,,,,,,,,14,,,,,
-78.82589139,42.95110155,0,0,37,174,2020/10/30 13:24:49+00,,1.76,,,,,,,,,,,,14,,,,,
-78.82588034,42.95111576,0,0,38,175,2020/10/30 13:24:50+00,,1.42,,,,,,,,,,,,14,,,,,
-78.82586836,42.95112864,0,0,39,174,2020/10/30 13:24:51+00,,1.46,,,,,,,,,,,,14,,,,,
-78.82585528,42.95114001,0,0,40,173,2020/10/30 13:24:52+00,,1.29,,,,,,,,,,,,14,,,,,
-78.8258436,42.95115019,0,0,41,173,2020/10/30 13:24:53+00,,1.3,,,,,,,,,,,,14,,,,,
-78.82583461,42.95115997,0,0,42,174,2020/10/30 13:24:54+00,,1.02,,,,,,,,,,,,14,,,,,
-78.82583008,42.95116596,0,0,43,175,2020/10/30 13:24:55+00,,0.51,,,,,,,,,,,,14,,,,,
-78.82582431,42.95117011,0,0,44,174,2020/10/30 13:24:56+00,,0.81,,,,,,,,,,,,14,,,,,
-78.82581219,42.95117782,0,0,45,174,2020/10/30 13:24:57+00,,1.38,,,,,,,,,,,,14,,,,,
-78.82579883,42.9511856,0,0,46,174,2020/10/30 13:24:58+00,,1.08,,,,,,,,,,,,14,,,,,
-78.82578693,42.95119385,0,0,47,174,2020/10/30 13:24:59+00,,1.24,,,,,,,,,,,,14,,,,,
-78.82577519,42.95120268,0,0,48,174,2020/10/30 13:25:00+00,,1.16,,,,,,,,,,,,14,,,,,
-78.82576516,42.95120921,0,0,49,174,2020/10/30 13:25:01+00,,0.99,,,,,,,,,,,,14,,,,,
-78.82575285,42.95121958,0,0,50,174,2020/10/30 13:25:02+00,,1.5,,,,,,,,,,,,14,,,,,
-78.82573973,42.95123041,0,0,51,173,2020/10/30 13:25:03+00,,1.27,,,,,,,,,,,,14,,,,,
-78.82572561,42.95124228,0,0,52,174,2020/10/30 13:25:04+00,,1.65,,,,,,,,,,,,14,,,,,
-78.82571028,42.95125427,0,0,53,174,2020/10/30 13:25:05+00,,1.51,,,,,,,,,,,,14,,,,,
-78.82569734,42.95126371,0,0,54,173,2020/10/30 13:25:06+00,,1.15,,,,,,,,,,,,13,,,,,
-78.82568547,42.95127114,0,0,55,172,2020/10/30 13:25:07+00,,1.14,,,,,,,,,,,,13,,,,,
-78.82567022,42.95128196,0,0,56,171,2020/10/30 13:25:08+00,,1.79,,,,,,,,,,,,13,,,,,
-78.82565236,42.95129439,0,0,57,171,2020/10/30 13:25:09+00,,1.72,,,,,,,,,,,,14,,,,,
-78.82564063,42.95130308,0,0,58,170,2020/10/30 13:25:10+00,,0.91,,,,,,,,,,,,14,,,,,
-78.8256324,42.95131069,0,0,59,169,2020/10/30 13:25:11+00,,1,,,,,,,,,,,,14,,,,,
-78.82562558,42.9513207,0,0,60,169,2020/10/30 13:25:12+00,,1.33,,,,,,,,,,,,14,,,,,
-78.8256201,42.95132991,0,0,61,168,2020/10/30 13:25:13+00,,0.87,,,,,,,,,,,,14,,,,,
-78.82561724,42.95133322,0,0,62,168,2020/10/30 13:25:14+00,,0.23,,,,,,,,,,,,14,,,,,
-78.82560996,42.9513318,0,0,63,168,2020/10/30 13:25:15+00,,0,,,,,,,,,,,,14,,,,,
-78.82559761,42.95133286,0,0,64,168,2020/10/30 13:25:16+00,,0.74,,,,,,,,,,,,14,,,,,
-78.82558295,42.9513347,0,0,65,168,2020/10/30 13:25:17+00,,0.99,,,,,,,,,,,,14,,,,,
-78.82556743,42.95133694,0,0,66,168,2020/10/30 13:25:18+00,,0.96,,,,,,,,,,,,14,,,,,
-78.82555484,42.95134369,0,0,67,169,2020/10/30 13:25:19+00,,1.01,,,,,,,,,,,,14,,,,,
-78.82554948,42.95135163,0,0,68,169,2020/10/30 13:25:20+00,,0.58,,,,,,,,,,,,14,,,,,
-78.82554745,42.9513564,0,0,69,169,2020/10/30 13:25:21+00,,0.3,,,,,,,,,,,,14,,,,,
-78.82554392,42.95136258,0,0,70,169,2020/10/30 13:25:22+00,,0,,,,,,,,,,,,14,,,,,
-78.82554023,42.95136559,0,0,71,169,2020/10/30 13:25:23+00,,0,,,,,,,,,,,,14,,,,,
-78.82553876,42.95136807,0,0,72,169,2020/10/30 13:25:24+00,,0,,,,,,,,,,,,14,,,,,
-78.82553717,42.95136912,0,0,73,169,2020/10/30 13:25:25+00,,0,,,,,,,,,,,,14,,,,,
-78.8255358,42.95136972,0,0,74,169,2020/10/30 13:25:26+00,,0,,,,,,,,,,,,14,,,,,
-78.8255325,42.95137228,0,0,75,170,2020/10/30 13:25:27+00,,0.36,,,,,,,,,,,,15,,,,,
-78.82552839,42.95137479,0,0,76,170,2020/10/30 13:25:28+00,,0,,,,,,,,,,,,12,,,,,
-78.82550918,42.95137887,0,0,77,171,2020/10/30 13:25:29+00,,1.77,,,,,,,,,,,,12,,,,,
-78.82548371,42.95138555,0,0,78,172,2020/10/30 13:25:30+00,,1.34,,,,,,,,,,,,12,,,,,
-78.82546735,42.95139108,0,0,79,172,2020/10/30 13:25:31+00,,0.4,,,,,,,,,,,,13,,,,,
-78.82544822,42.95139868,0,0,80,171,2020/10/30 13:25:32+00,,1.54,,,,,,,,,,,,14,,,,,
-78.82542341,42.95141186,0,0,81,171,2020/10/30 13:25:33+00,,1.9,,,,,,,,,,,,13,,,,,
-78.82540218,42.95142733,0,0,82,172,2020/10/30 13:25:34+00,,1.75,,,,,,,,,,,,13,,,,,
-78.82538426,42.9514441,0,0,83,173,2020/10/30 13:25:35+00,,1.7,,,,,,,,,,,,13,,,,,
-78.82536786,42.95146045,0,0,84,173,2020/10/30 13:25:36+00,,1.56,,,,,,,,,,,,13,,,,,
-78.82534937,42.95147582,0,0,85,174,2020/10/30 13:25:37+00,,1.88,,,,,,,,,,,,13,,,,,
-78.82533417,42.95149103,0,0,86,173,2020/10/30 13:25:38+00,,1.46,,,,,,,,,,,,13,,,,,
-78.82532101,42.95150653,0,0,87,172,2020/10/30 13:25:39+00,,1.69,,,,,,,,,,,,13,,,,,
-78.82531085,42.95151898,0,0,88,172,2020/10/30 13:25:40+00,,1.2,,,,,,,,,,,,13,,,,,
-78.8253037,42.95153008,0,0,89,172,2020/10/30 13:25:41+00,,1.09,,,,,,,,,,,,13,,,,,
-78.82529904,42.95153865,0,0,90,172,2020/10/30 13:25:42+00,,0.78,,,,,,,,,,,,13,,,,,
-78.82528801,42.95155112,0,0,91,172,2020/10/30 13:25:43+00,,1.6,,,,,,,,,,,,13,,,,,
-78.82527477,42.95156505,0,0,92,171,2020/10/30 13:25:44+00,,1.34,,,,,,,,,,,,13,,,,,
-78.82525489,42.95157859,0,0,93,172,2020/10/30 13:25:45+00,,1.91,,,,,,,,,,,,13,,,,,
-78.82523639,42.95158956,0,0,94,172,2020/10/30 13:25:46+00,,0.94,,,,,,,,,,,,12,,,,,
-78.82521926,42.95159863,0,0,95,172,2020/10/30 13:25:47+00,,1.22,,,,,,,,,,,,12,,,,,
-78.82520146,42.95161042,0,0,96,173,2020/10/30 13:25:48+00,,1.22,,,,,,,,,,,,12,,,,,
-78.82518531,42.95162032,0,0,97,172,2020/10/30 13:25:49+00,,1.07,,,,,,,,,,,,12,,,,,
-78.82516736,42.95163455,0,0,98,173,2020/10/30 13:25:50+00,,1.57,,,,,,,,,,,,12,,,,,
-78.82515036,42.95165074,0,0,99,172,2020/10/30 13:25:51+00,,1.24,,,,,,,,,,,,13,,,,,
-78.82513466,42.95166507,0,0,100,173,2020/10/30 13:25:52+00,,1.52,,,,,,,,,,,,13,,,,,
-78.82512056,42.95167956,0,0,101,173,2020/10/30 13:25:53+00,,1.2,,,,,,,,,,,,13,,,,,
-78.82510906,42.95169038,0,0,102,172,2020/10/30 13:25:54+00,,0.92,,,,,,,,,,,,13,,,,,
-78.8251013,42.95170008,0,0,103,173,2020/10/30 13:25:55+00,,0.57,,,,,,,,,,,,13,,,,,
-78.82509721,42.95170935,0,0,104,173,2020/10/30 13:25:56+00,,0.58,,,,,,,,,,,,14,,,,,
-78.82508591,42.95172189,0,0,105,173,2020/10/30 13:25:57+00,,1.43,,,,,,,,,,,,14,,,,,
-78.82506235,42.95173467,0,0,106,172,2020/10/30 13:25:58+00,,2.06,,,,,,,,,,,,14,,,,,
-78.8250389,42.95174682,0,0,107,172,2020/10/30 13:25:59+00,,1.64,,,,,,,,,,,,14,,,,,
-78.82502559,42.95175547,0,0,108,172,2020/10/30 13:26:00+00,,0,,,,,,,,,,,,13,,,,,
-78.8250147,42.95176206,0,0,109,173,2020/10/30 13:26:01+00,,0.98,,,,,,,,,,,,13,,,,,
-78.8249992,42.95176775,0,0,110,172,2020/10/30 13:26:02+00,,1.09,,,,,,,,,,,,13,,,,,
-78.82498193,42.95177274,0,0,111,173,2020/10/30 13:26:03+00,,1.47,,,,,,,,,,,,13,,,,,
-78.82496941,42.95177749,0,0,112,175,2020/10/30 13:26:04+00,,1.05,,,,,,,,,,,,13,,,,,
-78.82495823,42.9517833,0,0,113,174,2020/10/30 13:26:05+00,,1.14,,,,,,,,,,,,13,,,,,
-78.82495144,42.95179167,0,0,114,175,2020/10/30 13:26:06+00,,1.16,,,,,,,,,,,,13,,,,,
-78.8249406,42.95180193,0,0,115,175,2020/10/30 13:26:07+00,,1.7,,,,,,,,,,,,13,,,,,
-78.82492603,42.95181374,0,0,116,175,2020/10/30 13:26:08+00,,1.72,,,,,,,,,,,,13,,,,,
-78.82490756,42.95182437,0,0,117,175,2020/10/30 13:26:09+00,,1.53,,,,,,,,,,,,12,,,,,
-78.82489003,42.95183467,0,0,118,175,2020/10/30 13:26:10+00,,1.55,,,,,,,,,,,,12,,,,,
-78.82487884,42.95184511,0,0,119,175,2020/10/30 13:26:11+00,,1.35,,,,,,,,,,,,12,,,,,
-78.824871,42.95185527,0,0,120,176,2020/10/30 13:26:12+00,,1.49,,,,,,,,,,,,12,,,,,
-78.82486052,42.95186811,0,0,121,175,2020/10/30 13:26:13+00,,1.93,,,,,,,,,,,,12,,,,,
-78.8248487,42.95188302,0,0,122,174,2020/10/30 13:26:14+00,,1.87,,,,,,,,,,,,12,,,,,
-78.82483739,42.95189791,0,0,123,174,2020/10/30 13:26:15+00,,1.73,,,,,,,,,,,,12,,,,,
-78.82483003,42.95191163,0,0,124,174,2020/10/30 13:26:16+00,,1.41,,,,,,,,,,,,13,,,,,
-78.82482129,42.95192785,0,0,125,174,2020/10/30 13:26:17+00,,2.03,,,,,,,,,,,,12,,,,,
-78.82480852,42.95194496,0,0,126,173,2020/10/30 13:26:18+00,,1.94,,,,,,,,,,,,12,,,,,
-78.82480019,42.95196073,0,0,127,174,2020/10/30 13:26:19+00,,1.74,,,,,,,,,,,,12,,,,,
-78.82478956,42.95197396,0,0,128,174,2020/10/30 13:26:20+00,,1.85,,,,,,,,,,,,12,,,,,
-78.8247749,42.95198356,0,0,129,173,2020/10/30 13:26:21+00,,1.86,,,,,,,,,,,,12,,,,,
-78.82475822,42.95198974,0,0,130,174,2020/10/30 13:26:22+00,,1.79,,,,,,,,,,,,12,,,,,
-78.82474108,42.95199388,0,0,131,175,2020/10/30 13:26:23+00,,1.87,,,,,,,,,,,,12,,,,,
-78.82472481,42.95199831,0,0,132,176,2020/10/30 13:26:24+00,,1.72,,,,,,,,,,,,12,,,,,
-78.82471281,42.95200419,0,0,133,176,2020/10/30 13:26:25+00,,1.34,,,,,,,,,,,,12,,,,,
-78.82470208,42.95201613,0,0,134,178,2020/10/30 13:26:26+00,,1.51,,,,,,,,,,,,12,,,,,
-78.82469512,42.95202703,0,0,135,178,2020/10/30 13:26:27+00,,1.26,,,,,,,,,,,,12,,,,,
-78.82468516,42.95203591,0,0,136,178,2020/10/30 13:26:28+00,,1.3,,,,,,,,,,,,12,,,,,
-78.82467229,42.9520413,0,0,137,178,2020/10/30 13:26:29+00,,1.11,,,,,,,,,,,,13,,,,,
-78.82466123,42.95204543,0,0,138,179,2020/10/30 13:26:30+00,,0.74,,,,,,,,,,,,13,,,,,
-78.82464777,42.95204891,0,0,139,182,2020/10/30 13:26:31+00,,1.21,,,,,,,,,,,,13,,,,,
-78.82463401,42.95205368,0,0,140,181,2020/10/30 13:26:32+00,,0.94,,,,,,,,,,,,13,,,,,
-78.82462312,42.95205991,0,0,141,179,2020/10/30 13:26:33+00,,0.63,,,,,,,,,,,,13,,,,,
-78.8246134,42.9520666,0,0,142,179,2020/10/30 13:26:34+00,,0.74,,,,,,,,,,,,13,,,,,
-78.82460078,42.95207389,0,0,143,177,2020/10/30 13:26:35+00,,1.04,,,,,,,,,,,,13,,,,,
-78.82458703,42.95208181,0,0,144,176,2020/10/30 13:26:36+00,,0.94,,,,,,,,,,,,13,,,,,
-78.82456459,42.95209895,0,0,145,175,2020/10/30 13:26:37+00,,2.7,,,,,,,,,,,,13,,,,,
-78.82454026,42.9521196,0,0,146,174,2020/10/30 13:26:38+00,,2.2,,,,,,,,,,,,13,,,,,
-78.82452165,42.95213995,0,0,147,175,2020/10/30 13:26:39+00,,2.17,,,,,,,,,,,,13,,,,,
-78.82450191,42.95216135,0,0,148,175,2020/10/30 13:26:40+00,,2.25,,,,,,,,,,,,13,,,,,
-78.82447859,42.95218188,0,0,149,175,2020/10/30 13:26:41+00,,2.33,,,,,,,,,,,,13,,,,,
-78.82445612,42.95219636,0,0,150,174,2020/10/30 13:26:42+00,,1.85,,,,,,,,,,,,13,,,,,
-78.82443259,42.95221141,0,0,151,174,2020/10/30 13:26:43+00,,2.17,,,,,,,,,,,,11,,,,,
-78.82441204,42.95222703,0,0,152,174,2020/10/30 13:26:44+00,,1.95,,,,,,,,,,,,12,,,,,
-78.8243939,42.95224214,0,0,153,174,2020/10/30 13:26:45+00,,1.67,,,,,,,,,,,,12,,,,,
-78.82437791,42.95225631,0,0,154,173,2020/10/30 13:26:46+00,,1.53,,,,,,,,,,,,12,,,,,
-78.82436391,42.95227083,0,0,155,174,2020/10/30 13:26:47+00,,1.61,,,,,,,,,,,,13,,,,,
-78.82435298,42.95228438,0,0,156,174,2020/10/30 13:26:48+00,,1.6,,,,,,,,,,,,13,,,,,
-78.82434767,42.95229962,0,0,157,173,2020/10/30 13:26:49+00,,1.63,,,,,,,,,,,,13,,,,,
-78.82434227,42.952314,0,0,158,172,2020/10/30 13:26:50+00,,1.54,,,,,,,,,,,,13,,,,,
-78.82434419,42.95232266,0,0,159,172,2020/10/30 13:26:51+00,,0.3,,,,,,,,,,,,13,,,,,
-78.82434471,42.95233001,0,0,160,171,2020/10/30 13:26:52+00,,1.16,,,,,,,,,,,,13,,,,,
-78.82433871,42.95234124,0,0,161,170,2020/10/30 13:26:53+00,,1.57,,,,,,,,,,,,13,,,,,
-78.82433713,42.95234894,0,0,162,171,2020/10/30 13:26:54+00,,0.78,,,,,,,,,,,,13,,,,,
-78.82433427,42.95235892,0,0,163,171,2020/10/30 13:26:55+00,,1.65,,,,,,,,,,,,13,,,,,
-78.82432779,42.95237678,0,0,164,171,2020/10/30 13:26:56+00,,2.49,,,,,,,,,,,,13,,,,,
-78.82431587,42.95239524,0,0,165,171,2020/10/30 13:26:57+00,,2.32,,,,,,,,,,,,13,,,,,
-78.82430434,42.95241143,0,0,166,172,2020/10/30 13:26:58+00,,2.2,,,,,,,,,,,,12,,,,,
-78.82429336,42.95242425,0,0,167,173,2020/10/30 13:26:59+00,,1.69,,,,,,,,,,,,13,,,,,
-78.82428492,42.95243407,0,0,168,173,2020/10/30 13:27:00+00,,1.57,,,,,,,,,,,,12,,,,,
-78.82427621,42.9524452,0,0,169,174,2020/10/30 13:27:01+00,,1.59,,,,,,,,,,,,12,,,,,
-78.82426813,42.9524573,0,0,170,173,2020/10/30 13:27:02+00,,1.61,,,,,,,,,,,,12,,,,,
-78.82425818,42.95247001,0,0,171,173,2020/10/30 13:27:03+00,,1.71,,,,,,,,,,,,12,,,,,
-78.82425005,42.95247957,0,0,172,172,2020/10/30 13:27:04+00,,1.3,,,,,,,,,,,,12,,,,,
-78.8242417,42.95248887,0,0,173,170,2020/10/30 13:27:05+00,,1.4,,,,,,,,,,,,13,,,,,
-78.82423658,42.95249807,0,0,174,170,2020/10/30 13:27:06+00,,1.23,,,,,,,,,,,,13,,,,,
-78.82423404,42.95250816,0,0,175,170,2020/10/30 13:27:07+00,,1.28,,,,,,,,,,,,13,,,,,
-78.82423362,42.95251982,0,0,176,169,2020/10/30 13:27:08+00,,1.34,,,,,,,,,,,,13,,,,,
-78.82423495,42.95253105,0,0,177,169,2020/10/30 13:27:09+00,,0.96,,,,,,,,,,,,13,,,,,
-78.82423698,42.95254259,0,0,178,170,2020/10/30 13:27:10+00,,1.7,,,,,,,,,,,,13,,,,,
-78.82424155,42.952549,0,0,179,169,2020/10/30 13:27:11+00,,0.83,,,,,,,,,,,,13,,,,,
-78.824251,42.95253965,0,0,180,170,2020/10/30 13:27:12+00,,0,,,,,,,,,,,,13,,,,,
-78.82424691,42.95255125,0,0,181,169,2020/10/30 13:27:13+00,,2.17,,,,,,,,,,,,13,,,,,
-78.82423399,42.95256625,0,0,182,169,2020/10/30 13:27:14+00,,1.58,,,,,,,,,,,,13,,,,,
-78.82422125,42.95257793,0,0,183,169,2020/10/30 13:27:15+00,,1.47,,,,,,,,,,,,13,,,,,
-78.8242014,42.95259086,0,0,184,170,2020/10/30 13:27:16+00,,1.92,,,,,,,,,,,,13,,,,,
-78.82418347,42.9526027,0,0,185,170,2020/10/30 13:27:17+00,,1.39,,,,,,,,,,,,12,,,,,
-78.82416558,42.952614,0,0,186,170,2020/10/30 13:27:18+00,,1.57,,,,,,,,,,,,14,,,,,
-78.82414904,42.95262734,0,0,187,170,2020/10/30 13:27:19+00,,1.59,,,,,,,,,,,,14,,,,,
-78.82413867,42.95263657,0,0,188,171,2020/10/30 13:27:20+00,,0.77,,,,,,,,,,,,14,,,,,
-78.82412825,42.95264547,0,0,189,172,2020/10/30 13:27:21+00,,1.44,,,,,,,,,,,,14,,,,,
-78.82411388,42.95265723,0,0,190,172,2020/10/30 13:27:22+00,,1.64,,,,,,,,,,,,14,,,,,
-78.82409504,42.95266944,0,0,191,173,2020/10/30 13:27:23+00,,1.87,,,,,,,,,,,,14,,,,,
-78.82407694,42.95268158,0,0,192,172,2020/10/30 13:27:24+00,,1.69,,,,,,,,,,,,14,,,,,
-78.82405468,42.95269493,0,0,193,173,2020/10/30 13:27:25+00,,2.31,,,,,,,,,,,,14,,,,,
-78.82403099,42.95271105,0,0,194,172,2020/10/30 13:27:26+00,,2.38,,,,,,,,,,,,14,,,,,
-78.82401549,42.9527259,0,0,195,171,2020/10/30 13:27:27+00,,1.88,,,,,,,,,,,,14,,,,,
-78.82400973,42.95274075,0,0,196,173,2020/10/30 13:27:28+00,,1.77,,,,,,,,,,,,14,,,,,
-78.82400739,42.9527586,0,0,197,174,2020/10/30 13:27:29+00,,2.13,,,,,,,,,,,,14,,,,,
-78.82400143,42.9527724,0,0,198,174,2020/10/30 13:27:30+00,,2.19,,,,,,,,,,,,14,,,,,
-78.82399185,42.95278264,0,0,199,175,2020/10/30 13:27:31+00,,1.68,,,,,,,,,,,,14,,,,,
-78.82397563,42.95279004,0,0,200,174,2020/10/30 13:27:32+00,,2.3,,,,,,,,,,,,14,,,,,
-78.82395988,42.95280055,0,0,201,175,2020/10/30 13:27:33+00,,2.32,,,,,,,,,,,,14,,,,,
-78.82394209,42.95281562,0,0,202,174,2020/10/30 13:27:34+00,,3.06,,,,,,,,,,,,14,,,,,
-78.82392852,42.9528267,0,0,203,174,2020/10/30 13:27:35+00,,1.25,,,,,,,,,,,,14,,,,,
-78.82391486,42.95283281,0,0,204,174,2020/10/30 13:27:36+00,,1.83,,,,,,,,,,,,14,,,,,
-78.82389177,42.95283842,0,0,205,173,2020/10/30 13:27:37+00,,2.33,,,,,,,,,,,,14,,,,,
-78.82386748,42.95284084,0,0,206,172,2020/10/30 13:27:38+00,,1.98,,,,,,,,,,,,14,,,,,
-78.82384979,42.95284068,0,0,207,173,2020/10/30 13:27:39+00,,1.62,,,,,,,,,,,,14,,,,,
-78.82383592,42.95283776,0,0,208,174,2020/10/30 13:27:40+00,,1.38,,,,,,,,,,,,14,,,,,
-78.823818,42.95283085,0,0,209,174,2020/10/30 13:27:41+00,,2.05,,,,,,,,,,,,14,,,,,
-78.82379853,42.95282341,0,0,210,174,2020/10/30 13:27:42+00,,1.93,,,,,,,,,,,,14,,,,,
-78.8237764,42.95281263,0,0,211,173,2020/10/30 13:27:43+00,,2.58,,,,,,,,,,,,14,,,,,
-78.82375622,42.9528015,0,0,212,172,2020/10/30 13:27:44+00,,1.91,,,,,,,,,,,,14,,,,,
-78.82373619,42.95278946,0,0,213,171,2020/10/30 13:27:45+00,,2.59,,,,,,,,,,,,14,,,,,
-78.8237171,42.95277806,0,0,214,171,2020/10/30 13:27:46+00,,2.14,,,,,,,,,,,,14,,,,,
-78.8237017,42.95276688,0,0,215,172,2020/10/30 13:27:47+00,,2.22,,,,,,,,,,,,14,,,,,
-78.82368932,42.95275698,0,0,216,170,2020/10/30 13:27:48+00,,1.94,,,,,,,,,,,,14,,,,,
-78.82368817,42.95274101,0,0,217,170,2020/10/30 13:27:49+00,,2.22,,,,,,,,,,,,14,,,,,
-78.82368682,42.95272482,0,0,218,170,2020/10/30 13:27:50+00,,1.72,,,,,,,,,,,,14,,,,,
-78.82367835,42.95270723,0,0,219,170,2020/10/30 13:27:51+00,,2.64,,,,,,,,,,,,14,,,,,
-78.8236643,42.95269305,0,0,220,169,2020/10/30 13:27:52+00,,1.84,,,,,,,,,,,,14,,,,,
-78.82364522,42.95268076,0,0,221,169,2020/10/30 13:27:53+00,,2.59,,,,,,,,,,,,14,,,,,
-78.82361709,42.95266591,0,0,222,168,2020/10/30 13:27:54+00,,3.37,,,,,,,,,,,,13,,,,,
-78.82359225,42.95265263,0,0,223,168,2020/10/30 13:27:55+00,,2.59,,,,,,,,,,,,13,,,,,
-78.82357744,42.95264713,0,0,224,169,2020/10/30 13:27:56+00,,1.67,,,,,,,,,,,,13,,,,,
-78.82356761,42.9526451,0,0,225,170,2020/10/30 13:27:57+00,,1.47,,,,,,,,,,,,13,,,,,
-78.82355152,42.95264208,0,0,226,170,2020/10/30 13:27:58+00,,2.29,,,,,,,,,,,,13,,,,,
-78.823531,42.95264262,0,0,227,171,2020/10/30 13:27:59+00,,1.82,,,,,,,,,,,,13,,,,,
-78.82350758,42.95265144,0,0,228,171,2020/10/30 13:28:00+00,,2.63,,,,,,,,,,,,13,,,,,
-78.82348366,42.95266369,0,0,229,171,2020/10/30 13:28:01+00,,2.02,,,,,,,,,,,,13,,,,,
-78.82347285,42.95267473,0,0,230,172,2020/10/30 13:28:02+00,,1.05,,,,,,,,,,,,13,,,,,
-78.82346467,42.95268681,0,0,231,171,2020/10/30 13:28:03+00,,1.58,,,,,,,,,,,,13,,,,,
-78.82345239,42.95270041,0,0,232,172,2020/10/30 13:28:04+00,,1.77,,,,,,,,,,,,13,,,,,
-78.82343744,42.95271468,0,0,233,171,2020/10/30 13:28:05+00,,1.99,,,,,,,,,,,,13,,,,,
-78.82342541,42.95272582,0,0,234,171,2020/10/30 13:28:06+00,,1.43,,,,,,,,,,,,13,,,,,
-78.82341665,42.95273567,0,0,235,171,2020/10/30 13:28:07+00,,1.43,,,,,,,,,,,,13,,,,,
-78.82340852,42.95274325,0,0,236,170,2020/10/30 13:28:08+00,,1.21,,,,,,,,,,,,13,,,,,
-78.82340596,42.95274833,0,0,237,171,2020/10/30 13:28:09+00,,0.52,,,,,,,,,,,,13,,,,,
-78.82340509,42.95275292,0,0,238,171,2020/10/30 13:28:10+00,,0.89,,,,,,,,,,,,13,,,,,
-78.82340219,42.95275945,0,0,239,171,2020/10/30 13:28:11+00,,0.96,,,,,,,,,,,,13,,,,,
-78.82339646,42.95276569,0,0,240,170,2020/10/30 13:28:12+00,,1,,,,,,,,,,,,13,,,,,
-78.82339139,42.95276866,0,0,241,169,2020/10/30 13:28:13+00,,0.71,,,,,,,,,,,,13,,,,,
-78.82339741,42.95276783,0,0,242,169,2020/10/30 13:28:14+00,,0,,,,,,,,,,,,13,,,,,
-78.8233949,42.95276851,0,0,243,168,2020/10/30 13:28:15+00,,0.37,,,,,,,,,,,,13,,,,,
-78.82338965,42.95276783,0,0,244,168,2020/10/30 13:28:16+00,,0.41,,,,,,,,,,,,13,,,,,
-78.82338518,42.95276453,0,0,245,167,2020/10/30 13:28:17+00,,0.42,,,,,,,,,,,,13,,,,,
-78.82337462,42.95275795,0,0,246,167,2020/10/30 13:28:18+00,,1.18,,,,,,,,,,,,13,,,,,
-78.82336314,42.95274972,0,0,247,168,2020/10/30 13:28:19+00,,0.87,,,,,,,,,,,,13,,,,,
-78.82335685,42.9527423,0,0,248,168,2020/10/30 13:28:20+00,,0.8,,,,,,,,,,,,13,,,,,
-78.82335495,42.95273636,0,0,249,168,2020/10/30 13:28:21+00,,0.49,,,,,,,,,,,,13,,,,,
-78.82335659,42.95273203,0,0,250,168,2020/10/30 13:28:22+00,,0.51,,,,,,,,,,,,13,,,,,
-78.82335712,42.95272757,0,0,251,169,2020/10/30 13:28:23+00,,0.52,,,,,,,,,,,,13,,,,,
-78.8233585,42.95271996,0,0,252,170,2020/10/30 13:28:24+00,,0.98,,,,,,,,,,,,13,,,,,
-78.8233628,42.95270861,0,0,253,171,2020/10/30 13:28:25+00,,1.22,,,,,,,,,,,,13,,,,,
-78.82337389,42.95270063,0,0,254,171,2020/10/30 13:28:26+00,,1.46,,,,,,,,,,,,13,,,,,
-78.82338777,42.9526985,0,0,255,171,2020/10/30 13:28:27+00,,0.98,,,,,,,,,,,,13,,,,,
-78.82339411,42.95270293,0,0,256,171,2020/10/30 13:28:28+00,,0.59,,,,,,,,,,,,13,,,,,
-78.82339329,42.95271342,0,0,257,170,2020/10/30 13:28:29+00,,1.07,,,,,,,,,,,,13,,,,,
-78.82338665,42.95272536,0,0,258,171,2020/10/30 13:28:30+00,,1.02,,,,,,,,,,,,13,,,,,
-78.82337581,42.9527349,0,0,259,171,2020/10/30 13:28:31+00,,0.98,,,,,,,,,,,,13,,,,,
-78.82336482,42.95274419,0,0,260,171,2020/10/30 13:28:32+00,,1.01,,,,,,,,,,,,12,,,,,
-78.82335231,42.95275126,0,0,261,170,2020/10/30 13:28:33+00,,0.92,,,,,,,,,,,,13,,,,,
-78.82333766,42.9527537,0,0,262,170,2020/10/30 13:28:34+00,,1.03,,,,,,,,,,,,13,,,,,
-78.82332221,42.95275185,0,0,263,170,2020/10/30 13:28:35+00,,1.01,,,,,,,,,,,,13,,,,,
-78.82331219,42.95274088,0,0,264,170,2020/10/30 13:28:36+00,,1.4,,,,,,,,,,,,13,,,,,
-78.82331096,42.95272576,0,0,265,170,2020/10/30 13:28:37+00,,1.23,,,,,,,,,,,,13,,,,,
-78.82331865,42.95271238,0,0,266,170,2020/10/30 13:28:38+00,,1.36,,,,,,,,,,,,13,,,,,
-78.8233291,42.95270053,0,0,267,170,2020/10/30 13:28:39+00,,1.23,,,,,,,,,,,,13,,,,,
-78.82333936,42.95269264,0,0,268,171,2020/10/30 13:28:40+00,,1.01,,,,,,,,,,,,13,,,,,
-78.82335092,42.95268811,0,0,269,171,2020/10/30 13:28:41+00,,1.07,,,,,,,,,,,,13,,,,,
-78.82336249,42.9526874,0,0,270,171,2020/10/30 13:28:42+00,,0.81,,,,,,,,,,,,13,,,,,
-78.82337454,42.95269151,0,0,271,170,2020/10/30 13:28:43+00,,1.01,,,,,,,,,,,,13,,,,,
-78.82338135,42.95269937,0,0,272,170,2020/10/30 13:28:44+00,,0.73,,,,,,,,,,,,13,,,,,
-78.82338226,42.95271105,0,0,273,170,2020/10/30 13:28:45+00,,1.18,,,,,,,,,,,,13,,,,,
-78.8233763,42.95272302,0,0,274,170,2020/10/30 13:28:46+00,,1,,,,,,,,,,,,12,,,,,
-78.82336447,42.95273385,0,0,275,169,2020/10/30 13:28:47+00,,1.2,,,,,,,,,,,,12,,,,,
-78.82334993,42.95274291,0,0,276,168,2020/10/30 13:28:48+00,,1.22,,,,,,,,,,,,12,,,,,
-78.82333658,42.95275082,0,0,277,168,2020/10/30 13:28:49+00,,1.12,,,,,,,,,,,,12,,,,,
-78.82332461,42.95275997,0,0,278,169,2020/10/30 13:28:50+00,,1.2,,,,,,,,,,,,12,,,,,
-78.82331231,42.95276691,0,0,279,169,2020/10/30 13:28:51+00,,1.05,,,,,,,,,,,,12,,,,,
-78.82330009,42.95277002,0,0,280,169,2020/10/30 13:28:52+00,,0.83,,,,,,,,,,,,13,,,,,
-78.8232905,42.95277006,0,0,281,169,2020/10/30 13:28:53+00,,0.55,,,,,,,,,,,,13,,,,,
-78.82328671,42.95276793,0,0,282,169,2020/10/30 13:28:54+00,,0,,,,,,,,,,,,13,,,,,
-78.82328656,42.95276586,0,0,283,169,2020/10/30 13:28:55+00,,0,,,,,,,,,,,,13,,,,,
-78.8232862,42.95276305,0,0,284,169,2020/10/30 13:28:56+00,,0,,,,,,,,,,,,13,,,,,
-78.82328603,42.95276216,0,0,285,169,2020/10/30 13:28:57+00,,0,,,,,,,,,,,,13,,,,,
-78.82328049,42.95275683,0,0,286,169,2020/10/30 13:28:58+00,,0.9,,,,,,,,,,,,13,,,,,
-78.82327595,42.95274914,0,0,287,169,2020/10/30 13:28:59+00,,0.96,,,,,,,,,,,,13,,,,,
-78.82327587,42.95274046,0,0,288,169,2020/10/30 13:29:00+00,,0.86,,,,,,,,,,,,13,,,,,
-78.82328042,42.95273195,0,0,289,169,2020/10/30 13:29:01+00,,0.88,,,,,,,,,,,,13,,,,,
-78.82328653,42.95272176,0,0,290,168,2020/10/30 13:29:02+00,,1.2,,,,,,,,,,,,13,,,,,
-78.82329353,42.95271115,0,0,291,168,2020/10/30 13:29:03+00,,1.03,,,,,,,,,,,,13,,,,,
-78.82330014,42.9527036,0,0,292,167,2020/10/30 13:29:04+00,,0.72,,,,,,,,,,,,13,,,,,
-78.82330783,42.95269785,0,0,293,167,2020/10/30 13:29:05+00,,0.77,,,,,,,,,,,,13,,,,,
-78.82331995,42.95269431,0,0,294,168,2020/10/30 13:29:06+00,,0.96,,,,,,,,,,,,13,,,,,
-78.82333222,42.95269399,0,0,295,168,2020/10/30 13:29:07+00,,0.68,,,,,,,,,,,,13,,,,,
-78.82334371,42.95269664,0,0,296,168,2020/10/30 13:29:08+00,,0.82,,,,,,,,,,,,13,,,,,
-78.82335496,42.95270178,0,0,297,168,2020/10/30 13:29:09+00,,0.89,,,,,,,,,,,,13,,,,,
-78.82336593,42.95270814,0,0,298,168,2020/10/30 13:29:10+00,,0.9,,,,,,,,,,,,12,,,,,
-78.82337263,42.95271789,0,0,299,168,2020/10/30 13:29:11+00,,1.06,,,,,,,,,,,,12,,,,,
-78.82337497,42.95272772,0,0,300,168,2020/10/30 13:29:12+00,,0.71,,,,,,,,,,,,12,,,,,
-78.82337239,42.95273594,0,0,301,168,2020/10/30 13:29:13+00,,0.66,,,,,,,,,,,,12,,,,,
-78.823367,42.9527446,0,0,302,168,2020/10/30 13:29:14+00,,0.85,,,,,,,,,,,,12,,,,,
-78.8233609,42.95275304,0,0,303,168,2020/10/30 13:29:15+00,,0.76,,,,,,,,,,,,12,,,,,
-78.82335382,42.95275939,0,0,304,168,2020/10/30 13:29:16+00,,0.84,,,,,,,,,,,,12,,,,,
-78.82334485,42.95276588,0,0,305,169,2020/10/30 13:29:17+00,,0.91,,,,,,,,,,,,12,,,,,
-78.82333666,42.95277121,0,0,306,169,2020/10/30 13:29:18+00,,0.66,,,,,,,,,,,,12,,,,,
-78.82333239,42.9527739,0,0,307,170,2020/10/30 13:29:19+00,,0.28,,,,,,,,,,,,12,,,,,
-78.82332503,42.9527782,0,0,308,170,2020/10/30 13:29:20+00,,0.92,,,,,,,,,,,,13,,,,,
-78.82331212,42.95278173,0,0,309,169,2020/10/30 13:29:21+00,,1,,,,,,,,,,,,13,,,,,
-78.82329965,42.95277987,0,0,310,170,2020/10/30 13:29:22+00,,0.97,,,,,,,,,,,,13,,,,,
-78.82328899,42.95277184,0,0,311,170,2020/10/30 13:29:23+00,,1.11,,,,,,,,,,,,13,,,,,
-78.82328273,42.95275913,0,0,312,169,2020/10/30 13:29:24+00,,1.33,,,,,,,,,,,,13,,,,,
-78.82328311,42.95274308,0,0,313,169,2020/10/30 13:29:25+00,,1.69,,,,,,,,,,,,13,,,,,
-78.8232882,42.95272933,0,0,314,169,2020/10/30 13:29:26+00,,1.15,,,,,,,,,,,,13,,,,,
-78.82329592,42.95271806,0,0,315,168,2020/10/30 13:29:27+00,,1.24,,,,,,,,,,,,13,,,,,
-78.8233047,42.95270784,0,0,316,168,2020/10/30 13:29:28+00,,1.16,,,,,,,,,,,,13,,,,,
-78.82331578,42.95269925,0,0,317,168,2020/10/30 13:29:29+00,,1.3,,,,,,,,,,,,13,,,,,
-78.82333178,42.95269201,0,0,318,168,2020/10/30 13:29:30+00,,1.44,,,,,,,,,,,,13,,,,,
-78.82335141,42.95268627,0,0,319,168,2020/10/30 13:29:31+00,,1.56,,,,,,,,,,,,13,,,,,
-78.82336795,42.95268678,0,0,320,168,2020/10/30 13:29:32+00,,1.17,,,,,,,,,,,,13,,,,,
-78.82338228,42.95269077,0,0,321,169,2020/10/30 13:29:33+00,,1.17,,,,,,,,,,,,13,,,,,
-78.82339392,42.95269521,0,0,322,170,2020/10/30 13:29:34+00,,0.7,,,,,,,,,,,,13,,,,,
-78.82340349,42.95270218,0,0,323,171,2020/10/30 13:29:35+00,,0.95,,,,,,,,,,,,13,,,,,
-78.82340992,42.95271083,0,0,324,171,2020/10/30 13:29:36+00,,0.77,,,,,,,,,,,,12,,,,,
-78.82340718,42.95272379,0,0,325,171,2020/10/30 13:29:37+00,,1.36,,,,,,,,,,,,12,,,,,
-78.82339957,42.9527381,0,0,326,171,2020/10/30 13:29:38+00,,1.13,,,,,,,,,,,,12,,,,,
-78.82339113,42.95274876,0,0,327,171,2020/10/30 13:29:39+00,,0.9,,,,,,,,,,,,12,,,,,
-78.82338098,42.95275891,0,0,328,171,2020/10/30 13:29:40+00,,1.27,,,,,,,,,,,,12,,,,,
-78.82336841,42.95276979,0,0,329,171,2020/10/30 13:29:41+00,,1.42,,,,,,,,,,,,12,,,,,
-78.82335554,42.95277804,0,0,330,171,2020/10/30 13:29:42+00,,0.93,,,,,,,,,,,,12,,,,,
-78.82334394,42.95278289,0,0,331,171,2020/10/30 13:29:43+00,,0.92,,,,,,,,,,,,13,,,,,
-78.82333242,42.95278682,0,0,332,171,2020/10/30 13:29:44+00,,0.81,,,,,,,,,,,,13,,,,,
-78.82331747,42.95279076,0,0,333,172,2020/10/30 13:29:45+00,,1.25,,,,,,,,,,,,13,,,,,
-78.82329852,42.95279254,0,0,334,173,2020/10/30 13:29:46+00,,1.43,,,,,,,,,,,,13,,,,,
-78.82327601,42.95279222,0,0,335,173,2020/10/30 13:29:47+00,,1.72,,,,,,,,,,,,13,,,,,
-78.82325531,42.95279046,0,0,336,173,2020/10/30 13:29:48+00,,1.42,,,,,,,,,,,,13,,,,,
-78.82323584,42.95278622,0,0,337,172,2020/10/30 13:29:49+00,,1.5,,,,,,,,,,,,13,,,,,
-78.82321785,42.95278062,0,0,338,172,2020/10/30 13:29:50+00,,1.43,,,,,,,,,,,,13,,,,,
-78.82319942,42.95277365,0,0,339,173,2020/10/30 13:29:51+00,,1.58,,,,,,,,,,,,13,,,,,
-78.82318294,42.95276537,0,0,340,173,2020/10/30 13:29:52+00,,1.36,,,,,,,,,,,,13,,,,,
-78.82316703,42.95275869,0,0,341,172,2020/10/30 13:29:53+00,,1.32,,,,,,,,,,,,13,,,,,
-78.82315165,42.95275478,0,0,342,172,2020/10/30 13:29:54+00,,1.22,,,,,,,,,,,,13,,,,,
-78.82313357,42.952754,0,0,343,172,2020/10/30 13:29:55+00,,1.59,,,,,,,,,,,,13,,,,,
-78.82311546,42.95275493,0,0,344,172,2020/10/30 13:29:56+00,,1.3,,,,,,,,,,,,13,,,,,
-78.82309926,42.95275545,0,0,345,172,2020/10/30 13:29:57+00,,1.28,,,,,,,,,,,,13,,,,,
-78.82308285,42.95275495,0,0,346,172,2020/10/30 13:29:58+00,,1.49,,,,,,,,,,,,13,,,,,
-78.82306535,42.95275637,0,0,347,172,2020/10/30 13:29:59+00,,1.44,,,,,,,,,,,,13,,,,,
-78.8230485,42.95275884,0,0,348,172,2020/10/30 13:30:00+00,,1.3,,,,,,,,,,,,13,,,,,
-78.82303156,42.95276141,0,0,349,172,2020/10/30 13:30:01+00,,1.54,,,,,,,,,,,,13,,,,,
-78.82301505,42.95276512,0,0,350,172,2020/10/30 13:30:02+00,,1.28,,,,,,,,,,,,13,,,,,
-78.82300549,42.9527664,0,0,351,171,2020/10/30 13:30:03+00,,0.58,,,,,,,,,,,,13,,,,,
-78.82299417,42.95276611,0,0,352,171,2020/10/30 13:30:04+00,,1.18,,,,,,,,,,,,13,,,,,
-78.82297821,42.95276454,0,0,353,171,2020/10/30 13:30:05+00,,1.19,,,,,,,,,,,,12,,,,,
-78.82296255,42.95275974,0,0,354,171,2020/10/30 13:30:06+00,,1.16,,,,,,,,,,,,12,,,,,
-78.82295017,42.95275143,0,0,355,171,2020/10/30 13:30:07+00,,1.2,,,,,,,,,,,,13,,,,,
-78.82294508,42.95274029,0,0,356,170,2020/10/30 13:30:08+00,,1.27,,,,,,,,,,,,13,,,,,
-78.82295074,42.95272894,0,0,357,170,2020/10/30 13:30:09+00,,1.13,,,,,,,,,,,,13,,,,,
-78.82296077,42.95271948,0,0,358,171,2020/10/30 13:30:10+00,,0.73,,,,,,,,,,,,13,,,,,
-78.82297346,42.95271292,0,0,359,171,2020/10/30 13:30:11+00,,1.09,,,,,,,,,,,,13,,,,,
-78.82298812,42.95270899,0,0,360,171,2020/10/30 13:30:12+00,,1.05,,,,,,,,,,,,13,,,,,
-78.82300317,42.95271064,0,0,361,171,2020/10/30 13:30:13+00,,1.28,,,,,,,,,,,,13,,,,,
-78.82301349,42.95271817,0,0,362,171,2020/10/30 13:30:14+00,,1.03,,,,,,,,,,,,13,,,,,
-78.82301722,42.95272729,0,0,363,171,2020/10/30 13:30:15+00,,0.9,,,,,,,,,,,,13,,,,,
-78.82301374,42.95273854,0,0,364,171,2020/10/30 13:30:16+00,,1.16,,,,,,,,,,,,13,,,,,
-78.82300544,42.95274881,0,0,365,172,2020/10/30 13:30:17+00,,0.91,,,,,,,,,,,,13,,,,,
-78.82299113,42.95275696,0,0,366,171,2020/10/30 13:30:18+00,,1.33,,,,,,,,,,,,13,,,,,
-78.82297135,42.95276021,0,0,367,171,2020/10/30 13:30:19+00,,1.41,,,,,,,,,,,,12,,,,,
-78.82295116,42.95275577,0,0,368,171,2020/10/30 13:30:20+00,,1.48,,,,,,,,,,,,12,,,,,
-78.82293474,42.9527471,0,0,369,171,2020/10/30 13:30:21+00,,1.23,,,,,,,,,,,,13,,,,,
-78.8229224,42.95273676,0,0,370,171,2020/10/30 13:30:22+00,,1.3,,,,,,,,,,,,13,,,,,
-78.8229098,42.95272582,0,0,371,171,2020/10/30 13:30:23+00,,1.44,,,,,,,,,,,,13,,,,,
-78.82289575,42.95271273,0,0,372,170,2020/10/30 13:30:24+00,,1.81,,,,,,,,,,,,13,,,,,
-78.82288106,42.952701,0,0,373,170,2020/10/30 13:30:25+00,,1.48,,,,,,,,,,,,13,,,,,
-78.82286564,42.95269026,0,0,374,170,2020/10/30 13:30:26+00,,1.66,,,,,,,,,,,,13,,,,,
-78.82285581,42.95268247,0,0,375,170,2020/10/30 13:30:27+00,,0.61,,,,,,,,,,,,13,,,,,
-78.82284407,42.95267466,0,0,376,170,2020/10/30 13:30:28+00,,1.5,,,,,,,,,,,,13,,,,,
-78.82282984,42.95266467,0,0,377,170,2020/10/30 13:30:29+00,,1.18,,,,,,,,,,,,13,,,,,
-78.82281672,42.95265516,0,0,378,171,2020/10/30 13:30:30+00,,1.27,,,,,,,,,,,,13,,,,,
-78.82280025,42.95264844,0,0,379,171,2020/10/30 13:30:31+00,,1.28,,,,,,,,,,,,13,,,,,
-78.82278153,42.95264429,0,0,380,171,2020/10/30 13:30:32+00,,1.34,,,,,,,,,,,,13,,,,,
-78.82276367,42.9526392,0,0,381,171,2020/10/30 13:30:33+00,,1.29,,,,,,,,,,,,13,,,,,
-78.82274436,42.95263288,0,0,382,170,2020/10/30 13:30:34+00,,1.52,,,,,,,,,,,,13,,,,,
-78.82272442,42.95262519,0,0,383,170,2020/10/30 13:30:35+00,,1.48,,,,,,,,,,,,13,,,,,
-78.82270589,42.95261766,0,0,384,171,2020/10/30 13:30:36+00,,1.41,,,,,,,,,,,,13,,,,,
-78.82268575,42.95261125,0,0,385,170,2020/10/30 13:30:37+00,,1.63,,,,,,,,,,,,13,,,,,
-78.82266547,42.95260607,0,0,386,169,2020/10/30 13:30:38+00,,1.41,,,,,,,,,,,,13,,,,,
-78.82264895,42.9526017,0,0,387,170,2020/10/30 13:30:39+00,,1.21,,,,,,,,,,,,13,,,,,
-78.82263248,42.95259504,0,0,388,170,2020/10/30 13:30:40+00,,1.53,,,,,,,,,,,,13,,,,,
-78.82261727,42.95258792,0,0,389,169,2020/10/30 13:30:41+00,,1.16,,,,,,,,,,,,13,,,,,
-78.82260361,42.9525799,0,0,390,169,2020/10/30 13:30:42+00,,1.4,,,,,,,,,,,,13,,,,,
-78.82259222,42.95256936,0,0,391,169,2020/10/30 13:30:43+00,,1.31,,,,,,,,,,,,13,,,,,
-78.82258394,42.95255762,0,0,392,170,2020/10/30 13:30:44+00,,1.28,,,,,,,,,,,,13,,,,,
-78.82257295,42.95254729,0,0,393,169,2020/10/30 13:30:45+00,,1.42,,,,,,,,,,,,13,,,,,
-78.8225645,42.95253873,0,0,394,170,2020/10/30 13:30:46+00,,0.81,,,,,,,,,,,,13,,,,,
-78.82255323,42.95253309,0,0,395,170,2020/10/30 13:30:47+00,,1.25,,,,,,,,,,,,13,,,,,
-78.82253472,42.95252761,0,0,396,169,2020/10/30 13:30:48+00,,1.67,,,,,,,,,,,,13,,,,,
-78.82251422,42.95252223,0,0,397,170,2020/10/30 13:30:49+00,,1.62,,,,,,,,,,,,13,,,,,
-78.82249736,42.95251701,0,0,398,171,2020/10/30 13:30:50+00,,1.31,,,,,,,,,,,,13,,,,,
-78.82248274,42.95251049,0,0,399,171,2020/10/30 13:30:51+00,,1.36,,,,,,,,,,,,13,,,,,
-78.82247344,42.95250215,0,0,400,172,2020/10/30 13:30:52+00,,0.83,,,,,,,,,,,,13,,,,,
-78.82246784,42.9524926,0,0,401,171,2020/10/30 13:30:53+00,,1.03,,,,,,,,,,,,13,,,,,
-78.82246612,42.95248074,0,0,402,172,2020/10/30 13:30:54+00,,0.95,,,,,,,,,,,,13,,,,,
-78.82246875,42.9524687,0,0,403,172,2020/10/30 13:30:55+00,,0.94,,,,,,,,,,,,13,,,,,
-78.82247701,42.95245539,0,0,404,172,2020/10/30 13:30:56+00,,1.27,,,,,,,,,,,,13,,,,,
-78.82249074,42.95244407,0,0,405,172,2020/10/30 13:30:57+00,,1.21,,,,,,,,,,,,13,,,,,
-78.82250695,42.95243955,0,0,406,171,2020/10/30 13:30:58+00,,1.18,,,,,,,,,,,,13,,,,,
-78.82252253,42.95244178,0,0,407,171,2020/10/30 13:30:59+00,,1.04,,,,,,,,,,,,13,,,,,
-78.82253506,42.95244999,0,0,408,170,2020/10/30 13:31:00+00,,1.22,,,,,,,,,,,,13,,,,,
-78.82253939,42.95246186,0,0,409,170,2020/10/30 13:31:01+00,,1.26,,,,,,,,,,,,13,,,,,
-78.82253547,42.952474,0,0,410,170,2020/10/30 13:31:02+00,,1.09,,,,,,,,,,,,12,,,,,
-78.82252538,42.95248157,0,0,411,171,2020/10/30 13:31:03+00,,1.11,,,,,,,,,,,,12,,,,,
-78.82250946,42.9524842,0,0,412,171,2020/10/30 13:31:04+00,,1.32,,,,,,,,,,,,12,,,,,
-78.8224933,42.95248122,0,0,413,171,2020/10/30 13:31:05+00,,1.06,,,,,,,,,,,,12,,,,,
-78.82247678,42.95247543,0,0,414,171,2020/10/30 13:31:06+00,,1.39,,,,,,,,,,,,12,,,,,
-78.82246226,42.95246907,0,0,415,171,2020/10/30 13:31:07+00,,0.98,,,,,,,,,,,,12,,,,,
-78.82244755,42.95246273,0,0,416,171,2020/10/30 13:31:08+00,,1.35,,,,,,,,,,,,12,,,,,
-78.8224318,42.95245422,0,0,417,172,2020/10/30 13:31:09+00,,1.37,,,,,,,,,,,,12,,,,,
-78.82241829,42.95244683,0,0,418,171,2020/10/30 13:31:10+00,,1.21,,,,,,,,,,,,12,,,,,
-78.82240502,42.95244116,0,0,419,171,2020/10/30 13:31:11+00,,1.17,,,,,,,,,,,,12,,,,,
-78.82239265,42.9524358,0,0,420,172,2020/10/30 13:31:12+00,,1.02,,,,,,,,,,,,12,,,,,
-78.82238272,42.95242803,0,0,421,172,2020/10/30 13:31:13+00,,1.17,,,,,,,,,,,,12,,,,,
-78.82237773,42.95241616,0,0,422,171,2020/10/30 13:31:14+00,,1.24,,,,,,,,,,,,12,,,,,
-78.82237906,42.9524022,0,0,423,171,2020/10/30 13:31:15+00,,1.35,,,,,,,,,,,,12,,,,,
-78.82238739,42.95238964,0,0,424,171,2020/10/30 13:31:16+00,,1.18,,,,,,,,,,,,12,,,,,
-78.82240194,42.95238028,0,0,425,172,2020/10/30 13:31:17+00,,1.26,,,,,,,,,,,,12,,,,,
-78.82242087,42.95237373,0,0,426,171,2020/10/30 13:31:18+00,,1.24,,,,,,,,,,,,12,,,,,
-78.82243871,42.95237457,0,0,427,171,2020/10/30 13:31:19+00,,1.05,,,,,,,,,,,,12,,,,,
-78.82245471,42.95238155,0,0,428,171,2020/10/30 13:31:20+00,,1.12,,,,,,,,,,,,12,,,,,
-78.82246733,42.95239419,0,0,429,171,2020/10/30 13:31:21+00,,1.33,,,,,,,,,,,,12,,,,,
-78.82245312,42.95241608,0,0,430,170,2020/10/30 13:31:23+00,,1.17,,,,,,,,,,,,12,,,,,
-78.82243513,42.95242012,0,0,431,170,2020/10/30 13:31:24+00,,0.96,,,,,,,,,,,,12,,,,,
-78.82241308,42.95241734,0,0,432,170,2020/10/30 13:31:25+00,,1.61,,,,,,,,,,,,12,,,,,
-78.82239236,42.95241285,0,0,433,170,2020/10/30 13:31:26+00,,1,,,,,,,,,,,,12,,,,,
-78.82237561,42.95240869,0,0,434,170,2020/10/30 13:31:27+00,,1.23,,,,,,,,,,,,12,,,,,
-78.82235828,42.95240316,0,0,435,170,2020/10/30 13:31:28+00,,1.36,,,,,,,,,,,,12,,,,,
-78.82234249,42.95239562,0,0,436,169,2020/10/30 13:31:29+00,,1.24,,,,,,,,,,,,12,,,,,
-78.82233028,42.95238719,0,0,437,169,2020/10/30 13:31:30+00,,1,,,,,,,,,,,,12,,,,,
-78.82232321,42.95237467,0,0,438,169,2020/10/30 13:31:31+00,,1.55,,,,,,,,,,,,12,,,,,
-78.82232372,42.95236068,0,0,439,170,2020/10/30 13:31:32+00,,1.29,,,,,,,,,,,,12,,,,,
-78.8223322,42.95234785,0,0,440,170,2020/10/30 13:31:33+00,,1.46,,,,,,,,,,,,12,,,,,
-78.82234532,42.95233769,0,0,441,171,2020/10/30 13:31:34+00,,1.23,,,,,,,,,,,,12,,,,,
-78.82236184,42.95233082,0,0,442,171,2020/10/30 13:31:35+00,,1.5,,,,,,,,,,,,12,,,,,
-78.82237939,42.95232693,0,0,443,171,2020/10/30 13:31:36+00,,1.18,,,,,,,,,,,,12,,,,,
-78.82239483,42.95232543,0,0,444,172,2020/10/30 13:31:37+00,,1.05,,,,,,,,,,,,12,,,,,
-78.82240976,42.95232621,0,0,445,172,2020/10/30 13:31:38+00,,1.07,,,,,,,,,,,,12,,,,,
-78.82242292,42.95232947,0,0,446,172,2020/10/30 13:31:39+00,,0.89,,,,,,,,,,,,12,,,,,
-78.82243301,42.95233547,0,0,447,172,2020/10/30 13:31:40+00,,0.87,,,,,,,,,,,,12,,,,,
-78.82243968,42.95234302,0,0,448,172,2020/10/30 13:31:41+00,,0.7,,,,,,,,,,,,12,,,,,
-78.82244501,42.95235084,0,0,449,173,2020/10/30 13:31:42+00,,0.73,,,,,,,,,,,,12,,,,,
-78.82244457,42.95236262,0,0,450,173,2020/10/30 13:31:43+00,,1.24,,,,,,,,,,,,12,,,,,
-78.82244116,42.95237685,0,0,451,172,2020/10/30 13:31:44+00,,1.22,,,,,,,,,,,,12,,,,,
-78.82243249,42.95238864,0,0,452,172,2020/10/30 13:31:45+00,,1.12,,,,,,,,,,,,12,,,,,
-78.82242121,42.9523972,0,0,453,173,2020/10/30 13:31:46+00,,0.93,,,,,,,,,,,,12,,,,,
-78.82240797,42.95240307,0,0,454,172,2020/10/30 13:31:47+00,,0.88,,,,,,,,,,,,12,,,,,
-78.82239117,42.95240799,0,0,455,172,2020/10/30 13:31:48+00,,1.2,,,,,,,,,,,,12,,,,,
-78.82237284,42.95241206,0,0,456,171,2020/10/30 13:31:49+00,,1.14,,,,,,,,,,,,12,,,,,
-78.82235626,42.95241355,0,0,457,171,2020/10/30 13:31:50+00,,1.08,,,,,,,,,,,,12,,,,,
-78.8223401,42.95241147,0,0,458,170,2020/10/30 13:31:51+00,,1.1,,,,,,,,,,,,12,,,,,
-78.82232645,42.95240739,0,0,459,170,2020/10/30 13:31:52+00,,0.9,,,,,,,,,,,,12,,,,,
-78.82231501,42.9523992,0,0,460,171,2020/10/30 13:31:53+00,,1.26,,,,,,,,,,,,12,,,,,
-78.82230706,42.95238941,0,0,461,171,2020/10/30 13:31:54+00,,0.86,,,,,,,,,,,,12,,,,,
-78.8223049,42.95237995,0,0,462,171,2020/10/30 13:31:55+00,,0.83,,,,,,,,,,,,12,,,,,
-78.82230655,42.9523734,0,0,463,170,2020/10/30 13:31:56+00,,0.4,,,,,,,,,,,,12,,,,,
-78.82231296,42.95236673,0,0,464,170,2020/10/30 13:31:57+00,,0.94,,,,,,,,,,,,12,,,,,
-78.82232073,42.95235994,0,0,465,169,2020/10/30 13:31:58+00,,0.79,,,,,,,,,,,,12,,,,,
-78.82233103,42.95235345,0,0,466,169,2020/10/30 13:31:59+00,,1.24,,,,,,,,,,,,12,,,,,
-78.82234264,42.9523432,0,0,467,170,2020/10/30 13:32:00+00,,1.33,,,,,,,,,,,,12,,,,,
-78.8223548,42.95233187,0,0,468,172,2020/10/30 13:32:01+00,,1.45,,,,,,,,,,,,12,,,,,
-78.82236783,42.95232261,0,0,469,172,2020/10/30 13:32:02+00,,1.29,,,,,,,,,,,,12,,,,,
-78.82238145,42.95231597,0,0,470,172,2020/10/30 13:32:03+00,,1.22,,,,,,,,,,,,12,,,,,
-78.82239537,42.95231378,0,0,471,172,2020/10/30 13:32:04+00,,0.97,,,,,,,,,,,,12,,,,,
-78.82240859,42.9523146,0,0,472,173,2020/10/30 13:32:05+00,,0.9,,,,,,,,,,,,12,,,,,
-78.822422,42.95231696,0,0,473,173,2020/10/30 13:32:06+00,,1.04,,,,,,,,,,,,12,,,,,
-78.82243346,42.9523216,0,0,474,173,2020/10/30 13:32:07+00,,0.88,,,,,,,,,,,,12,,,,,
-78.82244276,42.95232799,0,0,475,172,2020/10/30 13:32:08+00,,0.93,,,,,,,,,,,,12,,,,,
-78.82245123,42.95233562,0,0,476,172,2020/10/30 13:32:09+00,,0.87,,,,,,,,,,,,12,,,,,
-78.82245621,42.95234147,0,0,477,172,2020/10/30 13:32:10+00,,0.39,,,,,,,,,,,,12,,,,,
-78.82246031,42.95234683,0,0,478,172,2020/10/30 13:32:11+00,,0.56,,,,,,,,,,,,12,,,,,
-78.82246352,42.95235132,0,0,479,173,2020/10/30 13:32:12+00,,0.27,,,,,,,,,,,,12,,,,,
-78.82246607,42.95235457,0,0,480,173,2020/10/30 13:32:13+00,,0.29,,,,,,,,,,,,12,,,,,
-78.82246911,42.95236069,0,0,481,173,2020/10/30 13:32:14+00,,0.71,,,,,,,,,,,,12,,,,,
-78.82247011,42.95236802,0,0,482,174,2020/10/30 13:32:15+00,,0.66,,,,,,,,,,,,12,,,,,
-78.82246603,42.95237792,0,0,483,174,2020/10/30 13:32:16+00,,1.08,,,,,,,,,,,,12,,,,,
-78.82245975,42.9523875,0,0,484,173,2020/10/30 13:32:17+00,,0.77,,,,,,,,,,,,12,,,,,
-78.82245266,42.95239514,0,0,485,173,2020/10/30 13:32:18+00,,0.81,,,,,,,,,,,,12,,,,,
-78.82244532,42.95240433,0,0,486,174,2020/10/30 13:32:19+00,,1.05,,,,,,,,,,,,12,,,,,
-78.82243827,42.95241356,0,0,487,174,2020/10/30 13:32:20+00,,0.87,,,,,,,,,,,,12,,,,,
-78.82242907,42.95242285,0,0,488,174,2020/10/30 13:32:21+00,,1.21,,,,,,,,,,,,12,,,,,
-78.82241567,42.95243107,0,0,489,174,2020/10/30 13:32:22+00,,1.15,,,,,,,,,,,,12,,,,,
-78.8224005,42.95243488,0,0,490,174,2020/10/30 13:32:23+00,,1.03,,,,,,,,,,,,12,,,,,
-78.82238447,42.95243166,0,0,491,174,2020/10/30 13:32:24+00,,1.32,,,,,,,,,,,,12,,,,,
-78.82236825,42.95242453,0,0,492,174,2020/10/30 13:32:25+00,,1.32,,,,,,,,,,,,12,,,,,
-78.82235385,42.95241606,0,0,493,174,2020/10/30 13:32:26+00,,1.23,,,,,,,,,,,,12,,,,,
-78.82234209,42.95240637,0,0,494,173,2020/10/30 13:32:27+00,,1.17,,,,,,,,,,,,12,,,,,
-78.82233226,42.95239709,0,0,495,173,2020/10/30 13:32:28+00,,0.97,,,,,,,,,,,,12,,,,,
-78.82232822,42.95238682,0,0,496,174,2020/10/30 13:32:29+00,,0.97,,,,,,,,,,,,12,,,,,
-78.82233025,42.95237642,0,0,497,174,2020/10/30 13:32:30+00,,1.05,,,,,,,,,,,,12,,,,,
-78.82233774,42.95236797,0,0,498,173,2020/10/30 13:32:31+00,,0.92,,,,,,,,,,,,12,,,,,
-78.8223481,42.9523617,0,0,499,173,2020/10/30 13:32:32+00,,0.9,,,,,,,,,,,,12,,,,,
-78.82236067,42.9523566,0,0,500,173,2020/10/30 13:32:33+00,,1.04,,,,,,,,,,,,12,,,,,
-78.82237807,42.9523534,0,0,501,174,2020/10/30 13:32:34+00,,1.4,,,,,,,,,,,,12,,,,,
-78.82239586,42.95235465,0,0,502,174,2020/10/30 13:32:35+00,,1.13,,,,,,,,,,,,12,,,,,
-78.82240555,42.95235838,0,0,503,174,2020/10/30 13:32:36+00,,0.48,,,,,,,,,,,,12,,,,,
-78.8224082,42.95236408,0,0,504,174,2020/10/30 13:32:37+00,,0.65,,,,,,,,,,,,12,,,,,
-78.82240141,42.95237385,0,0,505,175,2020/10/30 13:32:38+00,,1.31,,,,,,,,,,,,12,,,,,
-78.82238919,42.95238264,0,0,506,175,2020/10/30 13:32:39+00,,1.02,,,,,,,,,,,,12,,,,,
-78.8223719,42.95238661,0,0,507,175,2020/10/30 13:32:40+00,,1.45,,,,,,,,,,,,12,,,,,
-78.82235621,42.9523874,0,0,508,174,2020/10/30 13:32:41+00,,0.75,,,,,,,,,,,,12,,,,,
-78.8223449,42.95238447,0,0,509,174,2020/10/30 13:32:42+00,,0.8,,,,,,,,,,,,12,,,,,
-78.82233097,42.9523787,0,0,510,175,2020/10/30 13:32:43+00,,1.31,,,,,,,,,,,,12,,,,,
-78.8223167,42.95237167,0,0,511,175,2020/10/30 13:32:44+00,,1.18,,,,,,,,,,,,12,,,,,
-78.82230387,42.95236442,0,0,512,174,2020/10/30 13:32:45+00,,1.03,,,,,,,,,,,,12,,,,,
-78.82229517,42.95235839,0,0,513,173,2020/10/30 13:32:46+00,,0.63,,,,,,,,,,,,12,,,,,
-78.82228908,42.9523526,0,0,514,173,2020/10/30 13:32:47+00,,0.7,,,,,,,,,,,,12,,,,,
-78.82227856,42.95234673,0,0,515,172,2020/10/30 13:32:48+00,,1.15,,,,,,,,,,,,12,,,,,
-78.82226509,42.95234116,0,0,516,172,2020/10/30 13:32:49+00,,1.02,,,,,,,,,,,,12,,,,,
-78.82225063,42.95233595,0,0,517,173,2020/10/30 13:32:50+00,,1.15,,,,,,,,,,,,12,,,,,
-78.82223579,42.95232774,0,0,518,173,2020/10/30 13:32:51+00,,1.49,,,,,,,,,,,,12,,,,,
-78.82222857,42.9523153,0,0,519,173,2020/10/30 13:32:52+00,,1.39,,,,,,,,,,,,12,,,,,
-78.8222327,42.95230258,0,0,520,173,2020/10/30 13:32:53+00,,1.43,,,,,,,,,,,,12,,,,,
-78.8222424,42.95229341,0,0,521,173,2020/10/30 13:32:54+00,,0.97,,,,,,,,,,,,12,,,,,
-78.82225414,42.95228817,0,0,522,174,2020/10/30 13:32:55+00,,0.87,,,,,,,,,,,,12,,,,,
-78.82226637,42.9522837,0,0,523,174,2020/10/30 13:32:56+00,,0.92,,,,,,,,,,,,12,,,,,
-78.82227888,42.95228101,0,0,524,175,2020/10/30 13:32:57+00,,0.8,,,,,,,,,,,,12,,,,,
-78.82229062,42.9522814,0,0,525,175,2020/10/30 13:32:58+00,,0.69,,,,,,,,,,,,12,,,,,
-78.82230272,42.95228361,0,0,526,176,2020/10/30 13:32:59+00,,0.84,,,,,,,,,,,,12,,,,,
-78.82231321,42.95228324,0,0,527,176,2020/10/30 13:33:00+00,,0,,,,,,,,,,,,12,,,,,
-78.82231709,42.95228895,0,0,528,176,2020/10/30 13:33:01+00,,0.89,,,,,,,,,,,,12,,,,,
-78.82231822,42.95229802,0,0,529,176,2020/10/30 13:33:02+00,,1.01,,,,,,,,,,,,12,,,,,
-78.82231114,42.95230766,0,0,530,175,2020/10/30 13:33:03+00,,1.23,,,,,,,,,,,,12,,,,,
-78.82230344,42.95231308,0,0,531,174,2020/10/30 13:33:04+00,,0.52,,,,,,,,,,,,12,,,,,
-78.82229848,42.95231573,0,0,532,174,2020/10/30 13:33:05+00,,0.43,,,,,,,,,,,,12,,,,,
-78.82228646,42.95232304,0,0,533,175,2020/10/30 13:33:06+00,,1.61,,,,,,,,,,,,12,,,,,
-78.82227006,42.95233428,0,0,534,175,2020/10/30 13:33:07+00,,1.55,,,,,,,,,,,,12,,,,,
-78.82225958,42.95233783,0,0,535,175,2020/10/30 13:33:08+00,,0.7,,,,,,,,,,,,12,,,,,
-78.82225115,42.95233416,0,0,536,175,2020/10/30 13:33:09+00,,0.84,,,,,,,,,,,,12,,,,,
-78.82224632,42.95232542,0,0,537,175,2020/10/30 13:33:10+00,,0.95,,,,,,,,,,,,12,,,,,
-78.82224806,42.95231342,0,0,538,175,2020/10/30 13:33:11+00,,1.05,,,,,,,,,,,,12,,,,,
-78.82225516,42.95230148,0,0,539,175,2020/10/30 13:33:12+00,,1.11,,,,,,,,,,,,12,,,,,
-78.82226708,42.95229103,0,0,540,175,2020/10/30 13:33:13+00,,1.25,,,,,,,,,,,,12,,,,,
-78.82228289,42.95228256,0,0,541,176,2020/10/30 13:33:14+00,,1.26,,,,,,,,,,,,12,,,,,
-78.82229789,42.95227651,0,0,542,176,2020/10/30 13:33:15+00,,0.95,,,,,,,,,,,,12,,,,,
-78.82231312,42.95227067,0,0,543,177,2020/10/30 13:33:16+00,,1.19,,,,,,,,,,,,12,,,,,
-78.82232439,42.95227004,0,0,544,176,2020/10/30 13:33:17+00,,0.63,,,,,,,,,,,,12,,,,,
-78.82233082,42.95227605,0,0,545,176,2020/10/30 13:33:18+00,,0.94,,,,,,,,,,,,12,,,,,
-78.82233166,42.95228798,0,0,546,175,2020/10/30 13:33:19+00,,1.05,,,,,,,,,,,,12,,,,,
-78.82232387,42.95230088,0,0,547,176,2020/10/30 13:33:20+00,,1.14,,,,,,,,,,,,12,,,,,
-78.82231367,42.95231533,0,0,548,176,2020/10/30 13:33:21+00,,1.47,,,,,,,,,,,,12,,,,,
-78.82230173,42.95233201,0,0,549,176,2020/10/30 13:33:22+00,,1.76,,,,,,,,,,,,12,,,,,
-78.82228964,42.95234032,0,0,550,176,2020/10/30 13:33:23+00,,0.88,,,,,,,,,,,,12,,,,,
-78.82228244,42.95234107,0,0,551,176,2020/10/30 13:33:24+00,,0.42,,,,,,,,,,,,12,,,,,
-78.82227812,42.9523337,0,0,552,176,2020/10/30 13:33:25+00,,0.96,,,,,,,,,,,,12,,,,,
-78.8222808,42.95232059,0,0,553,176,2020/10/30 13:33:26+00,,1.31,,,,,,,,,,,,12,,,,,
-78.82228827,42.95230837,0,0,554,176,2020/10/30 13:33:27+00,,1.06,,,,,,,,,,,,12,,,,,
-78.82229862,42.95229572,0,0,555,177,2020/10/30 13:33:28+00,,1.51,,,,,,,,,,,,12,,,,,
-78.82231063,42.95228402,0,0,556,176,2020/10/30 13:33:29+00,,1.16,,,,,,,,,,,,12,,,,,
-78.8223228,42.95227277,0,0,557,177,2020/10/30 13:33:30+00,,1.39,,,,,,,,,,,,12,,,,,
-78.8223361,42.95226196,0,0,558,177,2020/10/30 13:33:31+00,,1.37,,,,,,,,,,,,12,,,,,
-78.82234863,42.95225203,0,0,559,176,2020/10/30 13:33:32+00,,1.24,,,,,,,,,,,,12,,,,,
-78.8223623,42.95224184,0,0,560,177,2020/10/30 13:33:33+00,,1.49,,,,,,,,,,,,12,,,,,
-78.82237752,42.95223452,0,0,561,176,2020/10/30 13:33:34+00,,1.27,,,,,,,,,,,,12,,,,,
-78.82239305,42.95222927,0,0,562,176,2020/10/30 13:33:35+00,,1.29,,,,,,,,,,,,12,,,,,
-78.82240766,42.95222446,0,0,563,176,2020/10/30 13:33:36+00,,1.3,,,,,,,,,,,,12,,,,,
-78.82242062,42.9522199,0,0,564,176,2020/10/30 13:33:37+00,,1.2,,,,,,,,,,,,12,,,,,
-78.82243285,42.95221615,0,0,565,175,2020/10/30 13:33:38+00,,1.11,,,,,,,,,,,,12,,,,,
-78.82243921,42.95221579,0,0,566,175,2020/10/30 13:33:39+00,,0.37,,,,,,,,,,,,12,,,,,
-78.82244687,42.95221883,0,0,567,175,2020/10/30 13:33:40+00,,1.01,,,,,,,,,,,,12,,,,,
-78.82245622,42.95222515,0,0,568,175,2020/10/30 13:33:41+00,,0.88,,,,,,,,,,,,12,,,,,
-78.82245926,42.95223434,0,0,569,174,2020/10/30 13:33:42+00,,0.86,,,,,,,,,,,,12,,,,,
-78.8224552,42.9522458,0,0,570,174,2020/10/30 13:33:43+00,,1.08,,,,,,,,,,,,13,,,,,
-78.82244728,42.95225387,0,0,571,174,2020/10/30 13:33:44+00,,0.42,,,,,,,,,,,,13,,,,,
-78.82243592,42.9522618,0,0,572,173,2020/10/30 13:33:45+00,,1.19,,,,,,,,,,,,13,,,,,
-78.82241812,42.95226794,0,0,573,173,2020/10/30 13:33:46+00,,1.3,,,,,,,,,,,,13,,,,,
-78.82240446,42.95226943,0,0,574,173,2020/10/30 13:33:47+00,,0.69,,,,,,,,,,,,13,,,,,
-78.82239951,42.95226272,0,0,575,173,2020/10/30 13:33:48+00,,1.26,,,,,,,,,,,,13,,,,,
-78.82240216,42.95225276,0,0,576,172,2020/10/30 13:33:49+00,,1.06,,,,,,,,,,,,13,,,,,
-78.82241357,42.95224338,0,0,577,173,2020/10/30 13:33:50+00,,1.34,,,,,,,,,,,,13,,,,,
-78.82242542,42.95223788,0,0,578,173,2020/10/30 13:33:51+00,,0.88,,,,,,,,,,,,13,,,,,
-78.82243843,42.9522363,0,0,579,173,2020/10/30 13:33:52+00,,1.06,,,,,,,,,,,,13,,,,,
-78.82245349,42.95223991,0,0,580,173,2020/10/30 13:33:53+00,,1.21,,,,,,,,,,,,13,,,,,
-78.8224675,42.9522482,0,0,581,173,2020/10/30 13:33:54+00,,1.23,,,,,,,,,,,,13,,,,,
-78.82247836,42.95225714,0,0,582,174,2020/10/30 13:33:55+00,,0.98,,,,,,,,,,,,13,,,,,
-78.82248112,42.95226642,0,0,583,173,2020/10/30 13:33:56+00,,0.95,,,,,,,,,,,,13,,,,,
-78.82247796,42.95227695,0,0,584,173,2020/10/30 13:33:57+00,,1.06,,,,,,,,,,,,13,,,,,
-78.82247265,42.95228361,0,0,585,173,2020/10/30 13:33:58+00,,0.6,,,,,,,,,,,,13,,,,,
-78.82246369,42.95228936,0,0,586,172,2020/10/30 13:33:59+00,,0.98,,,,,,,,,,,,13,,,,,
-78.82244925,42.95229307,0,0,587,173,2020/10/30 13:34:00+00,,1.17,,,,,,,,,,,,13,,,,,
-78.82243497,42.95229106,0,0,588,172,2020/10/30 13:34:01+00,,0.93,,,,,,,,,,,,13,,,,,
-78.82242944,42.95228307,0,0,589,173,2020/10/30 13:34:02+00,,1.12,,,,,,,,,,,,13,,,,,
-78.82243249,42.95227224,0,0,590,172,2020/10/30 13:34:03+00,,1.02,,,,,,,,,,,,13,,,,,
-78.8224418,42.95226361,0,0,591,173,2020/10/30 13:34:04+00,,0.95,,,,,,,,,,,,13,,,,,
-78.82245094,42.9522575,0,0,592,173,2020/10/30 13:34:05+00,,0.76,,,,,,,,,,,,13,,,,,
-78.82246234,42.95225358,0,0,593,174,2020/10/30 13:34:06+00,,1.04,,,,,,,,,,,,13,,,,,
-78.82247726,42.95225252,0,0,594,174,2020/10/30 13:34:07+00,,1.02,,,,,,,,,,,,13,,,,,
-78.82249327,42.95225556,0,0,595,174,2020/10/30 13:34:08+00,,1.16,,,,,,,,,,,,13,,,,,
-78.82250385,42.95226044,0,0,596,174,2020/10/30 13:34:09+00,,0.72,,,,,,,,,,,,13,,,,,
-78.82251008,42.95226725,0,0,597,175,2020/10/30 13:34:10+00,,0.8,,,,,,,,,,,,13,,,,,
-78.82251066,42.95227509,0,0,598,175,2020/10/30 13:34:11+00,,0.82,,,,,,,,,,,,13,,,,,
-78.82250617,42.95228591,0,0,599,174,2020/10/30 13:34:12+00,,1.34,,,,,,,,,,,,13,,,,,
-78.82249976,42.95229442,0,0,600,174,2020/10/30 13:34:13+00,,0.68,,,,,,,,,,,,13,,,,,
-78.8224955,42.95229763,0,0,601,174,2020/10/30 13:34:14+00,,0.43,,,,,,,,,,,,13,,,,,
-78.82248616,42.95230097,0,0,602,174,2020/10/30 13:34:15+00,,0.99,,,,,,,,,,,,13,,,,,
-78.82247358,42.95230099,0,0,603,174,2020/10/30 13:34:16+00,,0.94,,,,,,,,,,,,13,,,,,
-78.82246658,42.95229456,0,0,604,174,2020/10/30 13:34:17+00,,0.85,,,,,,,,,,,,13,,,,,
-78.82246532,42.95228597,0,0,605,174,2020/10/30 13:34:18+00,,0.74,,,,,,,,,,,,13,,,,,
-78.82247134,42.9522761,0,0,606,175,2020/10/30 13:34:19+00,,1,,,,,,,,,,,,13,,,,,
-78.82247894,42.9522669,0,0,607,175,2020/10/30 13:34:20+00,,0.62,,,,,,,,,,,,13,,,,,
-78.82248799,42.95225978,0,0,608,175,2020/10/30 13:34:21+00,,0.73,,,,,,,,,,,,13,,,,,
-78.82250222,42.95225561,0,0,609,174,2020/10/30 13:34:22+00,,1.08,,,,,,,,,,,,13,,,,,
-78.8225218,42.95225395,0,0,610,174,2020/10/30 13:34:23+00,,1.31,,,,,,,,,,,,13,,,,,
-78.82254026,42.95225729,0,0,611,174,2020/10/30 13:34:24+00,,1.17,,,,,,,,,,,,13,,,,,
-78.82255553,42.95226388,0,0,612,174,2020/10/30 13:34:25+00,,1.14,,,,,,,,,,,,13,,,,,
-78.82256503,42.95227151,0,0,613,173,2020/10/30 13:34:26+00,,0.8,,,,,,,,,,,,13,,,,,
-78.82256805,42.95227841,0,0,614,174,2020/10/30 13:34:27+00,,0.51,,,,,,,,,,,,13,,,,,
-78.822564,42.95228626,0,0,615,174,2020/10/30 13:34:28+00,,0.97,,,,,,,,,,,,13,,,,,
-78.8225562,42.95229363,0,0,616,173,2020/10/30 13:34:29+00,,0.78,,,,,,,,,,,,13,,,,,
-78.82254415,42.95229894,0,0,617,173,2020/10/30 13:34:30+00,,1.07,,,,,,,,,,,,13,,,,,
-78.82253257,42.95230047,0,0,618,173,2020/10/30 13:34:31+00,,0.7,,,,,,,,,,,,13,,,,,
-78.82252018,42.95229667,0,0,619,173,2020/10/30 13:34:32+00,,1.09,,,,,,,,,,,,13,,,,,
-78.82251159,42.9522892,0,0,620,173,2020/10/30 13:34:33+00,,0.85,,,,,,,,,,,,13,,,,,
-78.82251153,42.95227837,0,0,621,174,2020/10/30 13:34:34+00,,1.14,,,,,,,,,,,,13,,,,,
-78.82251755,42.95226724,0,0,622,173,2020/10/30 13:34:35+00,,1.1,,,,,,,,,,,,13,,,,,
-78.82252969,42.95225774,0,0,623,174,2020/10/30 13:34:36+00,,1.25,,,,,,,,,,,,13,,,,,
-78.82254515,42.95224831,0,0,624,174,2020/10/30 13:34:37+00,,1.47,,,,,,,,,,,,13,,,,,
-78.82256045,42.95223798,0,0,625,174,2020/10/30 13:34:38+00,,1.45,,,,,,,,,,,,13,,,,,
-78.82257337,42.95222796,0,0,626,174,2020/10/30 13:34:39+00,,1.37,,,,,,,,,,,,13,,,,,
-78.82258221,42.95221766,0,0,627,174,2020/10/30 13:34:40+00,,1.02,,,,,,,,,,,,13,,,,,
-78.82258322,42.95220637,0,0,628,174,2020/10/30 13:34:41+00,,1.22,,,,,,,,,,,,13,,,,,
-78.82257793,42.95219806,0,0,629,174,2020/10/30 13:34:42+00,,0.64,,,,,,,,,,,,13,,,,,
-78.82256912,42.95219428,0,0,630,175,2020/10/30 13:34:43+00,,0.64,,,,,,,,,,,,13,,,,,
-78.82255204,42.95219842,0,0,631,175,2020/10/30 13:34:44+00,,1.68,,,,,,,,,,,,13,,,,,
-78.82253499,42.95220737,0,0,632,174,2020/10/30 13:34:45+00,,1.05,,,,,,,,,,,,13,,,,,
-78.82252416,42.95221451,0,0,633,174,2020/10/30 13:34:46+00,,0.78,,,,,,,,,,,,13,,,,,
-78.82251643,42.95222339,0,0,634,174,2020/10/30 13:34:47+00,,0.87,,,,,,,,,,,,13,,,,,
-78.82251478,42.95223407,0,0,635,174,2020/10/30 13:34:48+00,,1.04,,,,,,,,,,,,13,,,,,
-78.82252017,42.95224233,0,0,636,174,2020/10/30 13:34:49+00,,0.77,,,,,,,,,,,,13,,,,,
-78.82252947,42.95224569,0,0,637,173,2020/10/30 13:34:50+00,,0.66,,,,,,,,,,,,13,,,,,
-78.82254177,42.95224329,0,0,638,173,2020/10/30 13:34:51+00,,0.89,,,,,,,,,,,,13,,,,,
-78.82255246,42.95223706,0,0,639,173,2020/10/30 13:34:52+00,,0.85,,,,,,,,,,,,13,,,,,
-78.82256058,42.95222861,0,0,640,173,2020/10/30 13:34:53+00,,0.96,,,,,,,,,,,,13,,,,,
-78.82256584,42.95221751,0,0,641,173,2020/10/30 13:34:54+00,,1.09,,,,,,,,,,,,13,,,,,
-78.82256539,42.95220637,0,0,642,173,2020/10/30 13:34:55+00,,1.07,,,,,,,,,,,,13,,,,,
-78.82256087,42.95219792,0,0,643,172,2020/10/30 13:34:56+00,,0.77,,,,,,,,,,,,13,,,,,
-78.82255227,42.9521944,0,0,644,173,2020/10/30 13:34:57+00,,0.86,,,,,,,,,,,,13,,,,,
-78.82253937,42.95219915,0,0,645,173,2020/10/30 13:34:58+00,,1.33,,,,,,,,,,,,13,,,,,
-78.82252873,42.95220839,0,0,646,173,2020/10/30 13:34:59+00,,0.83,,,,,,,,,,,,13,,,,,
-78.82252079,42.95221552,0,0,647,173,2020/10/30 13:35:00+00,,0.91,,,,,,,,,,,,13,,,,,
-78.8225109,42.95222511,0,0,648,173,2020/10/30 13:35:01+00,,1.43,,,,,,,,,,,,13,,,,,
-78.82250731,42.95223667,0,0,649,173,2020/10/30 13:35:02+00,,1.22,,,,,,,,,,,,13,,,,,
-78.82251411,42.95224826,0,0,650,173,2020/10/30 13:35:03+00,,1.24,,,,,,,,,,,,13,,,,,
-78.82252973,42.95225336,0,0,651,175,2020/10/30 13:35:04+00,,1.16,,,,,,,,,,,,13,,,,,
-78.82254886,42.9522517,0,0,652,174,2020/10/30 13:35:05+00,,1.2,,,,,,,,,,,,13,,,,,
-78.82256716,42.95224347,0,0,653,174,2020/10/30 13:35:06+00,,1.44,,,,,,,,,,,,13,,,,,
-78.82258154,42.95223185,0,0,654,174,2020/10/30 13:35:07+00,,1.21,,,,,,,,,,,,13,,,,,
-78.82258879,42.9522203,0,0,655,174,2020/10/30 13:35:08+00,,1.11,,,,,,,,,,,,13,,,,,
-78.82258862,42.9522106,0,0,656,175,2020/10/30 13:35:09+00,,0.91,,,,,,,,,,,,13,,,,,
-78.82257888,42.95220303,0,0,657,174,2020/10/30 13:35:10+00,,1.15,,,,,,,,,,,,13,,,,,
-78.82256536,42.95220169,0,0,658,175,2020/10/30 13:35:11+00,,0.92,,,,,,,,,,,,13,,,,,
-78.82255399,42.95220618,0,0,659,175,2020/10/30 13:35:12+00,,0.56,,,,,,,,,,,,13,,,,,
-78.82254361,42.95221336,0,0,660,175,2020/10/30 13:35:13+00,,0.8,,,,,,,,,,,,13,,,,,
-78.82253279,42.95222127,0,0,661,174,2020/10/30 13:35:14+00,,0.79,,,,,,,,,,,,13,,,,,
-78.8225259,42.95222477,0,0,662,173,2020/10/30 13:35:15+00,,0.23,,,,,,,,,,,,13,,,,,
-78.82251897,42.95223234,0,0,663,173,2020/10/30 13:35:16+00,,1.17,,,,,,,,,,,,13,,,,,
-78.8225163,42.95224092,0,0,664,172,2020/10/30 13:35:17+00,,0.7,,,,,,,,,,,,13,,,,,
-78.82252073,42.95224584,0,0,665,172,2020/10/30 13:35:18+00,,0.47,,,,,,,,,,,,13,,,,,
-78.82253063,42.95224628,0,0,666,172,2020/10/30 13:35:19+00,,0.81,,,,,,,,,,,,13,,,,,
-78.82254418,42.95224227,0,0,667,172,2020/10/30 13:35:20+00,,1.01,,,,,,,,,,,,13,,,,,
-78.82255487,42.95223316,0,0,668,172,2020/10/30 13:35:21+00,,1.28,,,,,,,,,,,,13,,,,,
-78.82255974,42.95222246,0,0,669,172,2020/10/30 13:35:22+00,,1.06,,,,,,,,,,,,13,,,,,
-78.82255525,42.95221335,0,0,670,171,2020/10/30 13:35:23+00,,0.99,,,,,,,,,,,,13,,,,,
-78.82254272,42.9522079,0,0,671,171,2020/10/30 13:35:24+00,,1.11,,,,,,,,,,,,13,,,,,
-78.82252583,42.95220631,0,0,672,170,2020/10/30 13:35:25+00,,1.22,,,,,,,,,,,,13,,,,,
-78.82250564,42.95220537,0,0,673,169,2020/10/30 13:35:26+00,,1.66,,,,,,,,,,,,13,,,,,
-78.82248884,42.95220539,0,0,674,170,2020/10/30 13:35:27+00,,1.08,,,,,,,,,,,,13,,,,,
-78.82247745,42.95220912,0,0,675,171,2020/10/30 13:35:28+00,,0.96,,,,,,,,,,,,13,,,,,
-78.8224647,42.95221735,0,0,676,171,2020/10/30 13:35:29+00,,1.42,,,,,,,,,,,,13,,,,,
-78.82245322,42.95222548,0,0,677,172,2020/10/30 13:35:30+00,,0.96,,,,,,,,,,,,13,,,,,
-78.82244443,42.95222869,0,0,678,172,2020/10/30 13:35:31+00,,0.91,,,,,,,,,,,,13,,,,,
-78.82244239,42.952224,0,0,679,173,2020/10/30 13:35:32+00,,1.06,,,,,,,,,,,,13,,,,,
-78.8224481,42.95221609,0,0,680,173,2020/10/30 13:35:33+00,,0.82,,,,,,,,,,,,13,,,,,
-78.82245915,42.95220937,0,0,681,173,2020/10/30 13:35:34+00,,0.91,,,,,,,,,,,,13,,,,,
-78.82247254,42.95220171,0,0,682,173,2020/10/30 13:35:35+00,,1.17,,,,,,,,,,,,13,,,,,
-78.82248747,42.95219485,0,0,683,172,2020/10/30 13:35:36+00,,1.11,,,,,,,,,,,,13,,,,,
-78.82250296,42.95219096,0,0,684,172,2020/10/30 13:35:37+00,,0.89,,,,,,,,,,,,13,,,,,
-78.82251893,42.95219286,0,0,685,173,2020/10/30 13:35:38+00,,1.08,,,,,,,,,,,,13,,,,,
-78.82253117,42.95220284,0,0,686,173,2020/10/30 13:35:39+00,,1.31,,,,,,,,,,,,13,,,,,
-78.82253421,42.95221467,0,0,687,173,2020/10/30 13:35:40+00,,0.87,,,,,,,,,,,,13,,,,,
-78.82252938,42.95222311,0,0,688,173,2020/10/30 13:35:41+00,,0.75,,,,,,,,,,,,13,,,,,
-78.82252069,42.95222943,0,0,689,172,2020/10/30 13:35:42+00,,0.71,,,,,,,,,,,,13,,,,,
-78.82250983,42.95223334,0,0,690,173,2020/10/30 13:35:43+00,,0.78,,,,,,,,,,,,13,,,,,
-78.82249463,42.95223404,0,0,691,173,2020/10/30 13:35:44+00,,1.28,,,,,,,,,,,,13,,,,,
-78.82247844,42.95223233,0,0,692,172,2020/10/30 13:35:45+00,,1.17,,,,,,,,,,,,13,,,,,
-78.82246351,42.95222719,0,0,693,173,2020/10/30 13:35:46+00,,1.27,,,,,,,,,,,,13,,,,,
-78.82245062,42.95222105,0,0,694,173,2020/10/30 13:35:47+00,,1.05,,,,,,,,,,,,13,,,,,
-78.822442,42.95221382,0,0,695,173,2020/10/30 13:35:48+00,,1.07,,,,,,,,,,,,13,,,,,
-78.82244146,42.95220253,0,0,696,173,2020/10/30 13:35:49+00,,1.33,,,,,,,,,,,,13,,,,,
-78.82244928,42.95219122,0,0,697,173,2020/10/30 13:35:50+00,,1.09,,,,,,,,,,,,13,,,,,
-78.82246512,42.9521843,0,0,698,172,2020/10/30 13:35:51+00,,1.19,,,,,,,,,,,,13,,,,,
-78.82248043,42.95218286,0,0,699,172,2020/10/30 13:35:52+00,,0.71,,,,,,,,,,,,13,,,,,
-78.82249128,42.95218603,0,0,700,172,2020/10/30 13:35:53+00,,0.54,,,,,,,,,,,,13,,,,,
-78.82249749,42.95219253,0,0,701,172,2020/10/30 13:35:54+00,,0.66,,,,,,,,,,,,13,,,,,
-78.82249656,42.95220141,0,0,702,172,2020/10/30 13:35:55+00,,0.86,,,,,,,,,,,,13,,,,,
-78.8224923,42.95220771,0,0,703,172,2020/10/30 13:35:56+00,,0.49,,,,,,,,,,,,13,,,,,
-78.82248569,42.9522114,0,0,704,172,2020/10/30 13:35:57+00,,0.64,,,,,,,,,,,,13,,,,,
-78.8224737,42.95221088,0,0,705,171,2020/10/30 13:35:58+00,,1.18,,,,,,,,,,,,13,,,,,
-78.82246022,42.95220831,0,0,706,171,2020/10/30 13:35:59+00,,0.93,,,,,,,,,,,,13,,,,,
-78.82244883,42.95220829,0,0,707,172,2020/10/30 13:36:00+00,,0.78,,,,,,,,,,,,13,,,,,
-78.82243633,42.95221206,0,0,708,173,2020/10/30 13:36:01+00,,0.94,,,,,,,,,,,,13,,,,,
-78.82242251,42.95221866,0,0,709,173,2020/10/30 13:36:02+00,,1.2,,,,,,,,,,,,13,,,,,
-78.82240795,42.95222691,0,0,710,173,2020/10/30 13:36:03+00,,1.26,,,,,,,,,,,,13,,,,,
-78.82239591,42.95223341,0,0,711,173,2020/10/30 13:36:04+00,,0.89,,,,,,,,,,,,13,,,,,
-78.82238452,42.95223869,0,0,712,174,2020/10/30 13:36:05+00,,1.03,,,,,,,,,,,,13,,,,,
-78.82236993,42.95224461,0,0,713,174,2020/10/30 13:36:06+00,,1.35,,,,,,,,,,,,13,,,,,
-78.8223524,42.95225051,0,0,714,174,2020/10/30 13:36:07+00,,1.45,,,,,,,,,,,,14,,,,,
-78.82233416,42.95225571,0,0,715,174,2020/10/30 13:36:08+00,,1.34,,,,,,,,,,,,14,,,,,
-78.8223165,42.95226037,0,0,716,175,2020/10/30 13:36:09+00,,1.38,,,,,,,,,,,,14,,,,,
-78.82230014,42.95226477,0,0,717,175,2020/10/30 13:36:10+00,,1.16,,,,,,,,,,,,14,,,,,
-78.82228552,42.95226833,0,0,718,176,2020/10/30 13:36:11+00,,1.05,,,,,,,,,,,,14,,,,,
-78.8222706,42.95227115,0,0,719,177,2020/10/30 13:36:12+00,,1.13,,,,,,,,,,,,14,,,,,
-78.82225392,42.95227249,0,0,720,177,2020/10/30 13:36:13+00,,1.24,,,,,,,,,,,,14,,,,,
-78.8222351,42.95227283,0,0,721,177,2020/10/30 13:36:14+00,,1.36,,,,,,,,,,,,14,,,,,
-78.82221262,42.95227402,0,0,722,176,2020/10/30 13:36:15+00,,1.64,,,,,,,,,,,,14,,,,,
-78.82219178,42.95227436,0,0,723,176,2020/10/30 13:36:16+00,,1.35,,,,,,,,,,,,14,,,,,
-78.82217328,42.95227481,0,0,724,176,2020/10/30 13:36:17+00,,1.2,,,,,,,,,,,,14,,,,,
-78.82215727,42.95227458,0,0,725,176,2020/10/30 13:36:18+00,,1.1,,,,,,,,,,,,14,,,,,
-78.8221414,42.95227418,0,0,726,176,2020/10/30 13:36:19+00,,1.17,,,,,,,,,,,,14,,,,,
-78.82209928,42.95227189,0,0,727,176,2020/10/30 13:36:22+00,,0.99,,,,,,,,,,,,14,,,,,
-78.82208731,42.95227023,0,0,728,176,2020/10/30 13:36:23+00,,1.04,,,,,,,,,,,,14,,,,,
